time_s,true_SOC,true_temperature_C,true_voltage_V,true_current_A
0,0.5,298.15,679.49431867315,-205.292202840264
0.258573102563628,0.496981400753746,298.498637649334,666.469798026237,-217.782020250416
0.517146205127256,0.49378968458362,298.889253773907,653.346892706965,-230.271837660567
0.619026248186134,0.492505245594065,299.049949174065,648.153961934473,-235.192933949887
0.755050359825645,0.4907579994568,299.272900405782,640.501322852852,-242.459242977575
0.814685347943485,0.489976508785527,299.374699893684,636.289133538203,-246.491044110459
0.874320336061325,0.489182273427153,299.479900314403,632.06842611022,-250.522845243343
0.933955324179164,0.488376375648555,299.588268931403,628.524179154477,-253.871127064961
0.959252039918861,0.488031851229175,299.634972130639,627.886776338334,-254.425223853873
0.980208009973842,0.487745776251631,299.673851585497,627.358321423204,-254.884241373597
1.00116398002882,0.487459187197364,299.712878908719,626.829510920568,-255.343258893321
1.04312933093991,0.486883742651406,299.791476033829,625.769472803946,-256.262463837736
1.21233024247271,0.484542630792755,300.114485569417,621.480793989996,-259.968624065254
1.28446350625497,0.483534834043446,300.255043974418,619.84696359762,-261.348130218328
1.30510950668027,0.483245836496443,300.295444290554,620.08292534293,-261.042713741017
1.32575550710557,0.482957103330281,300.335778892865,620.319115652221,-260.737297263706
1.34640150753087,0.482668702090428,300.376028808712,620.555558353736,-260.431880786395
1.5528615117839,0.479803378156193,300.773764254525,622.933906367852,-257.377716013286
1.83670260692691,0.475921093169468,301.306097353814,626.445301980297,-252.980474692156
1.98914882113174,0.473863505873976,301.585038252278,628.371935046095,-250.598110741309
2.02005718705489,0.473448064386495,301.641168215124,628.112775503426,-250.758341623069
2.05096555297803,0.473032211371819,301.697425395641,627.59199359697,-251.176699354444
2.08187391890118,0.472615719914784,301.753871394088,627.070771491705,-251.59505708582
2.11278228482432,0.472198534502441,301.81052159287,626.549089512673,-252.013414817195
2.23672942063507,0.47051857334529,302.03976589094,624.452417907356,-253.691091426732
2.31965353911351,0.469388680672562,302.19491052841,623.152510240943,-254.708208715838
2.33011347026254,0.469246047855193,302.214518484629,623.651208518079,-254.183711521082
2.34057340141157,0.469103674024584,302.234057120819,624.150101579609,-253.659214326327
2.3510333325606,0.468961591130994,302.253517735705,624.649199753389,-253.134717131572
2.45563264405088,0.467556984528263,302.443823234431,629.651371113943,-247.889745184018
2.55140773897732,0.466298250881244,302.610875240755,634.778147162047,-242.567617253853
2.64718283390376,0.465069564500563,302.770173312543,640.911279470904,-236.275411026478
2.71662942934435,0.464198423283059,302.880661902592,645.370950297079,-231.712927422188
2.76223906814803,0.463635208236135,302.951002557495,648.073264604354,-228.944255204752
2.77517268999326,0.463476493551985,302.970703394503,648.197746574857,-228.789506770866
2.78810631183848,0.46331792880696,302.990369139973,648.322306242871,-228.63475833698
2.80103993368371,0.463159474996415,303.01000934789,648.446932172052,-228.480009903094
2.93037615213596,0.46158078042518,303.205067509101,649.696747785492,-226.932525564234
4.22373833665845,0.446392666608979,305.021484940227,662.77515170041,-211.228185995041
4.3035761926448,0.44548964325931,305.125829673559,663.159502997336,-210.688177081946
4.34680799562948,0.445000776229732,305.18233176811,662.64784796997,-211.09433828682
4.39003979861417,0.444510583835316,305.239158853233,661.736112468801,-211.887965778655
4.43327160159885,0.44401865168769,305.296407511198,660.823464739981,-212.681593270491
4.47650340458354,0.443524878702344,305.354102722668,659.909873704595,-213.475220762326
4.61803344292683,0.441896648868554,305.545869312692,657.175506770164,-215.818816397718
4.67296504621499,0.441260921521249,305.621235611816,656.768865458901,-216.092603141153
4.72789664950315,0.440624210574627,305.696863317296,656.361777529693,-216.366389884588
4.78282825279131,0.439986680111911,305.772714092976,655.954286415661,-216.640176628023
4.92433998080606,0.438343227375112,305.968502966596,655.493944363774,-216.774842782597
5.06585170882081,0.436703841592422,306.163504291674,656.28848386381,-215.699093528054
5.14353819437675,0.43580670215929,306.269954960984,656.726439036603,-215.108533437401
5.22122467993269,0.434912085665389,306.375859832458,657.165778998231,-214.517973346748
5.29429959178859,0.434072018337629,306.475184093938,657.208106586795,-214.32099400198
5.33604287267838,0.433591549673809,306.53208311529,656.429638007568,-214.981863123464
5.3695458487495,0.433205004281095,306.577980882862,655.804329087131,-215.512273812112
5.40304882482062,0.432817504443205,306.62411632697,655.178526044091,-216.042684500761
5.46575812415423,0.43208908565189,306.711244407002,653.729402700281,-217.301481259357
5.52846742348784,0.431355794848307,306.799582670175,651.906497708153,-218.917663807434
5.60923804026629,0.430403440995364,306.91532952997,649.554315785911,-220.999333713204
5.66195419716519,0.429778040309667,306.991842489577,648.632111451554,-221.766377204829
5.71467035406409,0.429151593596196,307.068639159376,648.507173602979,-221.766377204828
5.76233280007691,0.428584976843165,307.138152737695,648.394179202604,-221.766377204828
5.80999524608973,0.42801835563341,307.207690124115,648.281210727487,-221.766377204828
5.8601019732676,0.427421904082617,307.281008453564,647.65243903141,-222.255844909917
5.91020870044547,0.426823193830263,307.354910694455,646.321696683009,-223.418088101596
5.95753336386994,0.426255049266122,307.425397730844,645.063319150764,-224.515800344274
6.00485802729442,0.425684126808409,307.496601079451,643.803402859512,-225.613512586951
6.07704457733446,0.424807887479152,307.60660957383,641.87859396812,-227.287905049605
6.09524281157938,0.424586357672347,307.634509550953,642.098446512291,-227.033787668167
6.1134410458243,0.424365056896423,307.662355366821,642.403391194381,-226.698260793406
6.13163928006921,0.424144068750168,307.690125958889,642.708522975461,-226.362733918646
6.16235678820159,0.423771802669671,307.736820711255,643.224001166018,-225.79638504296
6.23477930074928,0.422897811650984,307.846024562196,644.4414826496,-224.461107181911
6.24507810826489,0.422774160413938,307.861399600736,645.285759455894,-223.628964835871
6.25537691578051,0.42265108097699,307.876633580562,646.596199564152,-222.350830839103
6.26813158310537,0.422499599118949,307.895267522892,648.219662622208,-220.767912243853
6.28088625043022,0.422349194713569,307.91363817497,649.843719410866,-219.184993648603
6.3035876182768,0.422084180487298,307.945686412644,652.735745841277,-216.367639311817
6.53060129674258,0.419622608015923,308.224166372852,681.74990319833,-188.194095943954
6.57053596524697,0.419225051778041,308.26516672433,686.870326511402,-183.238002009027
6.59259139449801,0.419010033719324,308.28688246732,689.700176176898,-180.500811912376
6.60116142298778,0.418927457804064,308.295125992621,691.18066882877,-179.07369553608
6.60643917313422,0.418877031409929,308.300117908999,692.787408164987,-177.531028345621
6.6105720039919,0.418837833248148,308.303969758151,694.045710250907,-176.323016903065
6.61470483484958,0.418798903105878,308.307768947005,695.304117724118,-175.115005460508
6.62204577117719,0.41873041522215,308.314388560981,697.539619418567,-172.969276446133
6.69545513445327,0.418091966170084,308.372247024952,719.91141261018,-151.511986302382
6.7571787515964,0.417620513044133,308.409751672597,738.743132032071,-133.47039729171
6.80108446671575,0.417321489046951,308.430857520888,752.148779140045,-120.636916299078
6.83839638819937,0.417091112432798,308.445559251884,763.546953748128,-109.730777226818
6.84101260833787,0.417075750899753,308.446485990991,764.017341884431,-109.280113024587
6.84362882847637,0.417060449045316,308.447406474348,764.389068569523,-108.92363641758
6.84624504861487,0.417045198944312,308.448321000175,764.760806215222,-108.567159810574
6.84953071449877,0.417026117254958,308.449461053539,765.227680358426,-108.11946696974
6.88238737333776,0.416839633891012,308.460349699024,769.897339219206,-103.642538561402
6.94219954733274,0.416520401308719,308.477888020324,778.402076400878,-95.4927500441111
6.97178737351629,0.416372143573001,308.485504688081,782.611049414465,-91.4612208423376
6.98980825211014,0.416284978259899,308.489819431836,785.175156110739,-89.0057617003924
6.99840013759807,0.416244255134709,308.491792907941,786.397804066775,-87.8350627437326
7.0005295900401,0.416234230003383,308.492275345718,786.463663757561,-87.7712377461597
7.00265904248212,0.416224208662109,308.492757430965,786.436508681758,-87.7961716357622
7.00478849492414,0.416214185746222,308.493239678114,786.409353250037,-87.8211055253647
7.00691794736616,0.416204159956332,308.49372220988,786.382197318687,-87.8460394149672
7.02821247178639,0.41610374435895,308.498563095421,786.110610551433,-88.0953783109921
7.24115771598865,0.415083946988669,308.548543827017,783.391984430998,-90.5887672712412
7.27058724572898,0.414940765626915,308.555676115997,783.015865316162,-90.9333594448526
7.30001677546932,0.414797041472941,308.562863955459,782.639648499397,-91.2779516184641
7.32944630520966,0.414652773989823,308.570107579625,782.263333592211,-91.6225437920755
7.35887583494999,0.414507962954313,308.577407199252,781.886920239227,-91.967135965687
7.35981957436018,0.414503317632626,308.577641445195,782.131904028407,-91.7330426401448
7.36076331377036,0.41449868404017,308.577874489826,782.415833757287,-91.4618101941637
7.36170705318054,0.414494063856965,308.578106164111,782.699765941816,-91.1905777481825
7.36323284488255,0.414486623296589,308.578477759073,783.158818868615,-90.752062400698
7.37849076190256,0.414414191344003,308.581998896619,787.749698672157,-86.3669089258528
7.53106993210274,0.413887144694831,308.603509630687,833.68827558489,-42.5153741774009
7.56973083147429,0.413810548373795,308.604951683625,845.335435384439,-31.4041604385007
7.64388426630021,0.413728074317456,308.60597876068,867.68138832336,-10.0923265904083
7.66537541365145,0.413720005546746,308.605908936224,874.159031039641,-3.91573122932146
7.68385634713725,0.413717927707276,308.605827989265,878.265850904909,0
7.68838670169267,0.413717914631502,308.605807359788,878.26584745415,0
7.69291705624808,0.413717918021091,308.605787174033,878.265845310196,0
7.69913318258455,0.413717921299992,308.605759663473,878.265842286161,0
7.76129444594924,0.413717911764581,308.605482526551,878.26580858065,0
7.85538555749685,0.413717912254962,308.605066284414,878.265759085183,0
7.99780764781031,0.413717916085545,308.604437508037,878.265684552532,0
8.03043898462244,0.413717917319061,308.604293605384,878.26566752206,0
8.07983178188632,0.413717917950715,308.604075606653,878.265641628318,0
8.15459575483006,0.413717918197426,308.603745531067,878.265602368113,0
8.15839655716985,0.413717918188311,308.603728747877,878.265600370219,0
8.16072978829302,0.413718095659277,308.603718680314,880.746052380125,2.36494493186488
8.16185403786968,0.413718283938848,308.603714086519,882.358189994601,3.90200489994823
8.16297828744633,0.413718563981906,308.603709891416,883.970334388499,5.43906486803162
8.16443736394641,0.413719066578562,308.603705334332,886.062622000291,7.43389602048434
8.17902812894721,0.413732671731774,308.603837436276,906.986116318487,27.3822075450116
8.32493577895518,0.414726607469812,308.737261368733,1116.35891194295,226.865322790285
8.3688150598078,0.415330807790964,308.825399013471,1179.40158766435,286.856527080978
8.41942706825995,0.416202935195367,308.984606885694,1252.22044177447,356.05263238665
8.44563648681359,0.41672833996722,309.094599032738,1289.98897660754,391.885821815462
8.46466738824604,0.417141389438499,309.188175219434,1317.44579755569,417.904632367629
8.47402583082849,0.417354241906644,309.238680716944,1330.9591256972,430.699378085829
8.47981570888809,0.417488935636009,309.271376119723,1338.15212173468,437.5
8.48090771230137,0.417514539808248,309.277640555519,1338.16183120824,437.5
8.48199971571466,0.417540150022644,309.283908339113,1338.17154628909,437.5
8.48309171912795,0.41756576044957,309.290176417835,1338.18126217262,437.5
8.49401175326082,0.417821857826557,309.352858311428,1338.27844123484,437.5
8.60321209458955,0.420382799657148,309.980155581239,1339.25283518293,437.5
9.21332225736403,0.434690837000927,313.49898155045,1343.97630742381,437.5
9.24402730494445,0.435410171223257,313.676358547475,1343.15226344936,436.727079236796
9.25748074445039,0.435724413524189,313.753606435623,1341.32229949587,435.001856632913
9.27093418395633,0.436037504322909,313.830282549993,1339.49254928427,433.276634029031
9.28438762346227,0.436349356831662,313.906347634744,1337.66301220118,431.551411425148
9.41892201852168,0.439399336581481,314.634115836012,1319.37909617555,414.299185386321
9.55845433707683,0.442431202189516,315.327209472004,1300.43701441024,396.40604290501
9.60930134834638,0.44350387996496,315.56496399324,1294.25615272719,390.563086607356
9.63952214229474,0.444135118229379,315.703456956988,1292.07418072471,388.499340606934
9.66345279194799,0.444632407664002,315.81199197622,1290.34670905637,386.865141896147
9.68738344160123,0.445127604091492,315.919605476276,1288.61954096708,385.230943185359
9.73085638608604,0.446021848648073,316.112759404046,1285.4826997864,382.262221865184
9.94044199920022,0.450235989252077,317.002496225611,1270.37339754706,367.949842397277
9.99168568042639,0.451240477585843,317.209013507141,1265.76875585537,363.585581086264
10.0429293616526,0.452232469586537,317.410383031803,1260.68950436183,358.770515620138
10.0941730428787,0.453211381614436,317.606434184379,1255.61195709135,353.955450154012
10.1454167241049,0.454177067431793,317.797178697318,1250.53607665312,349.140384687886
10.1905413815977,0.455016475942686,317.960802665049,1246.06765976141,344.900287669775
10.2001390696375,0.455193462864759,317.994995880901,1244.34822215919,343.269858989626
10.2043177361112,0.455270129040574,318.009731898323,1242.43192757612,341.45391449686
10.2077851454853,0.455333457219565,318.021848676202,1240.84184532222,339.947064644942
10.2112525548594,0.455396504974012,318.033858026318,1239.2517961197,338.440214793024
10.2181998148672,0.455521981044526,318.057598227357,1236.06609098752,335.421108427279
10.2876724149452,0.45671491831819,318.27280431926,1204.21585823477,305.230044769827
10.3945516029185,0.458330598790765,318.531288729414,1155.23717162853,258.783008612625
10.4211406111521,0.458691746995945,318.582528693631,1143.72905573869,247.866311212527
10.4477296193857,0.45903732826718,318.629461937302,1132.32229644572,237.044721504369
10.4743186276192,0.459367463773323,318.672296758322,1120.91645018943,226.223131796212
10.5150822733764,0.459843652612568,318.730486536585,1103.43168767201,209.632537460483
10.5570830268497,0.460296378007383,318.78152287184,1085.41794126573,192.538446641853
10.5668972661738,0.460396774023098,318.792217110516,1081.72698378531,189.035287948656
10.5767115054979,0.460495317312319,318.802521226794,1078.08947755511,185.582752066749
10.586525744822,0.460592039048199,318.812446873815,1074.45202531989,182.130216184842
10.6042667540374,0.460762274374141,318.829455885108,1067.87679991251,175.889134336843
10.7816768461916,0.462138211260559,318.947679637513,1002.12899061579,113.478315856852
10.8267476789549,0.462393219538946,318.962542703003,985.425599929408,97.622918183692
10.8523581092872,0.46252105487055,318.969027523091,975.933968994626,88.6134650051593
10.8758129268276,0.462627279823035,318.973904441726,967.240966691424,80.3623314747952
10.8794886511172,0.46264300180076,318.97458138768,966.014062168089,79.1977232300273
10.8806209760917,0.462647807205271,318.974786757258,965.908245089281,79.0970788184323
10.8815533187839,0.462651758064934,318.974955380054,965.82111636669,79.014209426894
10.8824856614761,0.462655704793754,318.975123645774,965.73398751625,78.9313400353558
10.8843246688994,0.462663477581656,318.975454482021,965.562129093004,78.767883585837
10.9027147431322,0.462740318464836,318.978685109141,963.843516943135,77.1333190906495
11.0866154854598,0.46342005655544,319.004199869138,946.654299148863,60.7876741387746
11.196531903409,0.463749443804089,319.013881730629,936.377313568185,51.0179759883549
11.241366483019,0.463867207173755,319.01679234065,932.138480574468,46.9891933593785
11.2489570158101,0.463886155840649,319.017230962958,931.280678087626,46.1741894824385
11.2552785475462,0.463901687952545,319.017584025509,930.566272507224,45.4954396482692
11.2616000792824,0.463916990086687,319.017925531377,929.851855388693,44.8166898141
11.2743006442268,0.463947037724843,319.018577002187,928.416487439509,43.4530161492831
11.4013062936713,0.464196454384451,319.02303060845,914.060067290304,29.816279501114
11.4840250520281,0.464308970986589,319.024114672411,904.706826180829,20.9346751905312
11.5630585660454,0.464379685784563,319.024265424042,895.767926782866,12.4487596289181
11.6251809817751,0.464410034547233,319.023993040778,888.739983585286,5.77860734074279
11.6817092503853,0.464418877730967,319.023611541388,882.65014172799,0
11.6986091094604,0.464419026845658,319.023484829075,882.650153084565,0
11.7155089685356,0.464419024210783,319.023359183731,882.650152883893,0
11.7324088276107,0.464419007981876,319.023234074445,882.6501516479,0
11.901407418362,0.4644190518185,319.021979805298,882.650154986497,0
13.5913933258752,0.464422472010788,319.009303411184,882.650415468342,0
13.8487151856151,0.464422250697276,319.007413479183,882.650398613105,0
14.1060381516101,0.4644221865178,319.005515752291,882.650393725196,0
14.145308467508,0.464422187030153,319.005225628377,882.650393764216,0
14.2047503808926,0.464420152270911,319.004787723891,881.52830436227,-1.06447977434838
14.2127455213521,0.464419337420932,319.004729694104,879.968341171653,-2.54449744120936
14.2207406618115,0.464417934329478,319.004673465381,878.408332270573,-4.02451510807035
14.2338808580408,0.464414248601168,319.004588264009,875.844313464199,-6.45695799807489
14.3652828203329,0.464282942773112,319.005849298441,850.196190887767,-30.7813868981203
14.4534094362524,0.464099029154697,319.009549839956,832.986067679695,-47.0949149896464
14.5158307273587,0.463922127561534,319.014437563903,820.791137745597,-58.650010749848
14.5400445403319,0.463843094021981,319.016957572716,816.059480698717,-63.1323423816589
14.5547027591611,0.463792422187854,319.018683835199,813.194780101085,-65.8457935013584
14.5602866613382,0.46377258496972,319.019380975499,812.259260983423,-66.7316313276892
14.5627368595463,0.463763811459124,319.019692113508,812.077107976335,-66.9036960760567
14.5651870577544,0.463755012746648,319.020005167435,811.894952153152,-67.0757608244242
14.5676372559624,0.463746191291395,319.020319941742,811.71279373017,-67.2478255727917
14.5921392380431,0.463656736959397,319.023562681736,809.891067008371,-68.9684730564666
14.8371590588501,0.462637925489069,319.066952130089,791.659072884952,-86.1749478932153
14.8450480504555,0.462601420783772,319.068661674094,791.299733673329,-86.5125681810434
14.8529370420609,0.462564781187872,319.070386418977,791.009819361146,-86.7843246024339
14.8608260336663,0.462528023069367,319.072123420901,790.719890266069,-87.0560810238244
14.871265663199,0.462479204211546,319.074439445071,790.336200225275,-87.4157006690682
14.9756619585263,0.461979954801241,319.098709777314,786.497898057429,-91.0118971215067
15.0423221554271,0.461650640635637,319.115278386939,784.045679320903,-93.3081774910519
15.0846759711806,0.461437142124196,319.126249716316,782.487064657459,-94.7671626157887
15.1130394409959,0.461292314825452,319.133793682286,781.443051718622,-95.7442146194902
15.1206284326361,0.461253274825963,319.135843247486,781.000396163403,-96.1604672257305
15.1251643366519,0.461229814908054,319.137081909738,780.378589952741,-96.7479891717531
15.128848728759,0.461210660933968,319.138098718851,779.873500439492,-97.2252173523277
15.1325331208662,0.461191412651623,319.139125838683,779.368398508529,-97.7024455329022
15.1396114558331,0.461154168108055,319.14112834818,778.39797800476,-98.6192808803805
15.210394805503,0.460762593547435,319.163384391523,768.691208333205,-107.787634355163
15.4009100350804,0.459535830346863,319.246210617413,742.540871488154,-132.464496572646
15.5062189871355,0.458748650863217,319.307414511935,727.785932339914,-146.373860778641
15.590961676072,0.458056710211408,319.366181770332,715.279297367363,-158.158183776693
15.6757043650086,0.457311510677924,319.434445156088,702.763777834858,-169.942506774744
15.6847396337527,0.45722877123912,319.442324008527,700.945959430542,-171.656488545529
15.6937749024968,0.457145174114995,319.450371803685,698.963520994445,-173.52631520765
15.7028101712408,0.457060679752876,319.458595948274,696.980924737399,-175.396141869772
15.7142273106213,0.456952614821753,319.469244796501,694.475449336137,-177.758890806573
15.828398704426,0.455792419511865,319.592827276042,669.406239353302,-201.386380174588
15.8875813556582,0.455134105248547,319.669369202892,656.400438288521,-213.634084403834
15.9111174848534,0.454861503657648,319.702333420239,651.226084435243,-218.504828499978
15.9207708746623,0.454748082011706,319.716248707229,649.659687823411,-219.975766384544
15.9270558161558,0.454673980533384,319.725372862867,649.539296806871,-220.081506720867
15.9319877992959,0.454615781878923,319.732545302903,649.44481447119,-220.164484351845
15.9369197824359,0.454557561997632,319.739723122123,649.35032778977,-220.247461982823
15.945745915689,0.454453321622535,319.752581347975,649.181226471721,-220.395956332306
16.0340072482208,0.453407037597834,319.882141241286,647.489429648649,-221.880899827145
16.0628287563391,0.453063869284496,319.924828848528,646.936671085744,-222.365804255438
16.0808231114431,0.452849576828223,319.951491306865,647.214829366673,-222.078398377413
16.0845103564544,0.452805761694407,319.956930934071,647.958216594254,-221.369643471412
16.0881976014656,0.45276207633342,319.96233826835,648.701630983023,-220.660888565411
16.0918848464769,0.452718530726337,319.96771091858,649.445073658598,-219.95213365941
16.1287572965893,0.452290791093462,320.019562443274,656.881047239076,-212.8645845994
16.2047161756265,0.45145378690885,320.116055225556,672.208150659118,-198.263919873368
16.3137565796757,0.450356179363924,320.231908206548,694.230055607926,-177.304390173963
16.3394432595255,0.450115444954565,320.255405068084,699.420980130172,-172.366947637093
16.35467153693,0.449975936185,320.268713043945,702.498967174734,-169.43979842745
16.3589169232754,0.449937432827665,320.272349058655,703.073933940333,-168.891748970351
16.3614931469085,0.449914084047603,320.274552579087,702.799021152706,-169.14950835935
16.3635751302081,0.449895195593381,320.276337030649,702.576845770443,-169.357817427052
16.3656571135077,0.449876283826547,320.278125939466,702.354666361724,-169.566126494754
16.3696072306797,0.449840338036685,320.281532403514,701.933117392025,-169.961348313098
16.4091084024001,0.449476281351843,320.316489973658,697.716827629011,-173.913566496542
16.5338361611697,0.448271811335996,320.437989963717,684.393862987333,-186.392976466442
16.6207036281668,0.447383636779568,320.532857793047,675.106027938868,-195.084343523754
16.6677877794486,0.44688531362518,320.587942254931,670.068649336863,-199.795262991287
16.6824480026831,0.44672751457104,320.605683132728,668.021801654291,-201.71406012153
16.6971082259176,0.446567753930767,320.623873160849,664.877333773023,-204.670597889635
16.7075517683186,0.44645259577447,320.637142542927,662.637035225647,-206.776754600057
16.7179953107197,0.446336255683492,320.650687653062,660.39650729538,-208.882911310479
16.7339651829248,0.446156066072246,320.671941132309,656.969929323776,-212.103566928794
16.8212262256063,0.445122802283311,320.800223370657,638.237010598534,-229.701564192926
16.8594480320714,0.444644278209957,320.862956831129,630.026348166646,-237.409783404304
16.8783968071755,0.444401230508917,320.895595003046,626.02315122951,-241.16640332612
16.8828228268378,0.444344008973007,320.903340421997,625.836456553978,-241.33629338724
16.8872488465001,0.444286730675853,320.911101729529,625.649751243572,-241.50618344836
16.8916748661625,0.444229410520785,320.918874636986,625.4630371136,-241.67607350948
16.9359350627856,0.443654014737844,320.997207151665,623.595423068231,-243.374974120679
17.0121115779041,0.442654250721706,321.134646292639,620.379026143383,-246.298963121354
17.03604010527,0.442337738780681,321.178504735594,619.368159496133,-247.217445027642
17.0422341620599,0.442255734350206,321.189878443071,619.735195113112,-246.861044539303
17.0484282188498,0.442173883397844,321.201209622798,620.393290473677,-246.229623311801
17.0546222756397,0.442092231013263,321.212485817333,621.051429923239,-245.598202084299
17.0608163324296,0.44201078835464,321.223704053092,621.709614760425,-244.966780856798
17.1227569003285,0.441207903284778,321.332749961668,628.293943611626,-238.65256858178
17.1863173269553,0.440405822333356,321.438800080252,635.055095646675,-232.17322814908
17.2063220084634,0.440158254725123,321.470886847592,637.689306273665,-229.656673523473
17.2263266899714,0.439913866377787,321.502153597542,641.199324295055,-226.313407087156
17.2416382770793,0.439729154574719,321.525486904731,643.886381249654,-223.754470308079
17.2569498641873,0.439546545517861,321.548289914339,646.57386689903,-221.195533529003
17.2829945741526,0.439240764837818,321.585878638945,651.146203854527,-216.842832155799
17.3501121798192,0.438480779173981,321.676037579037,662.934750847438,-205.62585585848
17.3990502845193,0.437952089854812,321.735822804763,671.535188395648,-197.447114155691
17.4271281438038,0.437658444759102,321.767937565115,676.471459529378,-192.754624324674
17.4388285267711,0.437538163948233,321.780862549967,678.528852693326,-190.799207156392
17.4418429655026,0.43750731916536,321.78416148523,678.46025145175,-190.860704327694
17.444857404234,0.437476470273175,321.787461409295,678.35553887135,-190.956296486632
17.4478718429654,0.437445607398742,321.790764392474,678.250823594494,-191.05188864557
17.4543099727617,0.437379638644519,321.797830265302,678.027166751926,-191.256050939641
17.518691270724,0.436716066936468,321.869336443038,675.789877475072,-193.297673880351
17.6523629949058,0.435315826027512,322.02277473351,671.140496402677,-197.536595232535
17.6950473961104,0.434862300822878,322.073190915934,669.654638485785,-198.890178578444
17.717027529423,0.434627551759153,322.099424729599,668.889273749523,-199.587200009061
17.7213031643745,0.43458172837084,322.104563854993,668.247741244367,-200.187679277506
17.725578799326,0.434535723260244,322.10974418675,667.184280179621,-201.186300915324
17.7310025690081,0.434477046415383,322.116388009809,665.835186645242,-202.453082065827
17.7364263386901,0.434418003357545,322.123115653203,664.486022710179,-203.71986321633
17.7459001126638,0.434313986694669,322.135071434892,662.129248827354,-205.932567478759
17.8406378524,0.43321201261912,322.269879471379,638.549298475498,-228.059610103052
17.9293337942063,0.432078459850789,322.422360422235,616.452136413356,-248.775524272133
17.9942510921534,0.431186376956955,322.551238495871,600.265480539899,-263.937674253
18.0250412298067,0.430744816915767,322.61774737512,592.5840257308,-271.129050046434
18.0389853774174,0.430540939692463,322.64905743289,589.104371711817,-274.385859311672
18.0418068214255,0.430499453561634,322.655465357379,589.128074894771,-274.358483577379
18.0446282654336,0.430457961515101,322.661875393283,589.155569543234,-274.327532167248
18.0474497094417,0.430416473057567,322.66828443317,589.183065141511,-274.296580757117
18.0618573644082,0.430204690865827,322.700988515928,589.323488560734,-274.138527917291
18.2059339140727,0.428093637224595,323.025993851697,590.729290518699,-272.557999519028
18.2304441770378,0.427735707650144,323.080924448605,590.968725518591,-272.28912046303
18.2409621434632,0.427582374401288,323.10441634628,591.553368454984,-271.719585272782
18.2453864711579,0.427518076937307,323.114236440343,592.683151142442,-270.64700710195
18.2498107988526,0.427454015526832,323.123984410831,593.812990185158,-269.574428931118
18.2542351265473,0.427390207306498,323.133655283533,594.942887619712,-268.501850760287
18.2984784034942,0.426766138856005,323.226207258036,606.245050448345,-257.77606905197
18.3808289925832,0.42567228863947,323.379228697618,627.296927133177,-237.812031506092
18.4786690840012,0.42448724314713,323.530606755863,652.332699903484,-214.092914494702
18.5567851219726,0.423630406702617,323.629502862207,672.33919594888,-195.155448081322
18.5598964455906,0.423597886592441,323.633059452705,672.766338938805,-194.749675231544
18.5630077692086,0.423565353815285,323.63662238253,672.279269742632,-195.204945998074
18.5652924177905,0.423541428818248,323.639247531542,671.921606571252,-195.539251855922
18.5675770663725,0.423517462486863,323.641881919446,671.563935664572,-195.87355771377
18.5712254876586,0.423479103825632,323.646107947849,670.992744558983,-196.407420390723
18.6077097005201,0.423089781473885,323.689663836197,665.279747448768,-201.746047160253
18.8007439894315,0.420856211328972,323.962669147109,635.018848317,-229.99218271846
18.8842577461538,0.419798776464562,324.103531633472,621.727408829926,-242.382740340183
18.9066504852063,0.41950535347124,324.143942595113,617.439606513558,-246.384443002214
18.9290432242589,0.419207206133451,324.185684688284,613.150772032824,-250.386145664245
18.9514359633114,0.418904262339288,324.2287932459,608.860885604131,-254.387848326276
19.0011171140793,0.418214980639604,324.329452430821,599.339409197759,-263.266136632779
19.0647719615639,0.41729726588967,324.468821438156,587.132005155764,-274.641599546564
19.076720531872,0.417120675436993,324.496296865603,584.839568141657,-276.776873194752
19.0805888441804,0.417063289542053,324.50525989612,584.7619332029,-276.842951156885
19.0844571564887,0.417005988577646,324.514196678224,585.637789515915,-276.012058373915
19.0878860790244,0.416955321788106,324.522079255199,586.414191285471,-275.275544162761
19.09131500156,0.416904790179332,324.529919738377,587.190624626835,-274.539029951607
19.0988123754346,0.416794776831395,324.546915920103,588.888414167184,-272.928634164745
19.1737861141801,0.41573022986771,324.706244991498,605.874470544052,-256.824676296124
19.2227853462587,0.415069485428282,324.800082462264,616.983574023573,-246.299903459766
19.2426855518494,0.414808763425223,324.836020065101,621.056130113004,-242.440057135462
19.2509345715677,0.414701717970707,324.850632717983,621.940431618792,-241.596196927541
19.2591835912859,0.414595076564065,324.865135704791,622.824816816312,-240.752336719621
19.2674326110042,0.414488810279047,324.879536851425,623.709281986475,-239.9084765117
19.3499228081867,0.413446631352922,325.018096293017,632.558274638418,-231.469874432493
19.5026452639585,0.411615634130807,325.249378084903,648.961699739082,-215.846635831591
19.5556143233368,0.411010460452138,325.322058341095,654.656951600008,-210.42799422482
19.5884727215692,0.410642783085809,325.365290403769,658.191419301376,-207.066637880501
19.6008551917271,0.410505630013708,325.381251356414,659.170663375206,-206.131607029503
19.6051629885627,0.410457979623768,325.38678924036,658.814521229,-206.46108161816
19.6094707853983,0.410410267041249,325.392341805733,658.458365919098,-206.790556206816
19.6137785822339,0.410362479307148,325.397912063607,658.102195935792,-207.120030795472
19.6568565505899,0.409880399894366,325.454612967008,654.539677965446,-210.414776682034
19.7668988931642,0.408614388710636,325.607855119166,645.432436926969,-218.831179993999
19.8371010277285,0.407780796504676,325.712018074903,639.617218974065,-224.200472068596
19.877399469317,0.407293156608027,325.774121655751,636.277223359899,-227.282630529765
19.884855384476,0.407202352412516,325.785761124912,636.314958466704,-227.237009626442
19.892311299635,0.407111582191431,325.797392305486,636.53196753775,-227.023043625864
19.899767214794,0.407020888292924,325.80900409369,636.748993113271,-226.809077625285
19.9096565278062,0.406900727567625,325.824371662439,637.036876915944,-226.525279230512
20.0085496579286,0.40570741434124,325.975944134706,639.917414078991,-223.687295282777
20.1338528673649,0.404217025793228,326.162561681465,643.571621428363,-220.091408525628
20.167506451221,0.403821264631611,326.211551277437,644.955959602967,-218.748332805264
20.1944304206794,0.403507101509754,326.250137145837,647.014778936817,-216.781473405824
20.2146170831281,0.403273307206972,326.278636519802,648.558770448018,-215.306790155949
20.2348037455768,0.403041111726997,326.306745864573,650.103080108832,-213.832106906074
20.2680258998934,0.402662462065816,326.352164688352,652.645313892585,-211.405150264775
20.4272304544214,0.40090791353746,326.555837425515,664.839710426821,-199.774882484589
20.5126943729613,0.40000700112394,326.655742874601,671.393719961289,-193.531541889785
20.5665830733736,0.399452678239362,326.715686767844,674.937510695335,-190.149487722499
20.5758043305246,0.39935866770704,326.725759872202,674.926064205333,-190.150315815568
20.5850255876757,0.399264679035136,326.735828986677,674.914620142027,-190.151143908636
20.5942468448267,0.399170690530764,326.745898414309,674.903176067907,-190.151972001705
20.6864594163372,0.398230758396935,326.846609374461,674.788728405263,-190.160252932394
20.9737192530838,0.395300807967264,327.160843524822,674.246871673959,-190.359504644021
21.1317557165312,0.393686765741584,327.334243893832,673.7413739256,-190.66310166206
21.2002427366124,0.392986665961247,327.409539704638,673.561468826219,-190.757868088366
21.2181173878993,0.392804177785235,327.429142129887,674.069390201846,-190.262886158437
21.2359920391863,0.392622113015684,327.448653449259,674.577393519585,-189.767904228509
21.2538666904733,0.392440517294767,327.468064004517,675.085483780668,-189.272922298581
21.4326132033429,0.390650716773652,327.656643454804,680.171179041884,-184.323102999296
21.5509875724344,0.389489641456153,327.776442480747,683.020070197047,-181.535280544148
21.6693619415259,0.388346465269124,327.89255783817,685.842296833474,-178.775413763781
21.7877363106173,0.387220853183995,328.005115708974,688.667651213298,-176.015546983415
21.8440704782667,0.386691020298327,328.057508953416,689.835561758205,-174.868420403161
21.859941632849,0.386542148990426,328.072190550569,689.658441539211,-175.018893045839
21.8758127874313,0.386393186899983,328.086890710109,689.481302848094,-175.169365688517
21.8916839420135,0.386244099602833,328.101616233962,689.304141906196,-175.319838331195
22.0503954878362,0.384746137246968,328.25031262531,687.531284030115,-176.824564757974
22.120744470859,0.384078187079211,328.317032425402,686.796971331112,-177.442699125643
22.1392010173899,0.38390285171024,328.334556775528,687.143082750399,-177.100992393348
22.1576575639208,0.383727805242049,328.35202330732,687.48924871029,-176.759285661052
22.1761141104517,0.383553092167313,328.369423131336,687.835474037466,-176.417578928757
22.3606795757609,0.381824623025518,328.539731988996,691.301013647352,-173.000511605806
22.4392431986666,0.381099017743865,328.610224442528,692.737624877522,-171.583686630253
22.4537906820716,0.38096511499992,328.623188202957,692.539086654526,-171.755638960782
22.4683381654766,0.380831111652515,328.636172034967,692.340528708437,-171.927591291311
22.4828856488817,0.380696977441717,328.649181825438,692.141947733228,-172.099543621841
22.6283604829319,0.3793482139975,328.780758984245,690.154844095059,-173.819066927135
22.7912749171891,0.377821861383097,328.931298563002,687.926734256222,-175.744727597606
22.8291970893444,0.377464673525335,328.96672153669,687.863336588358,-175.767372527589
22.8671192614997,0.377107463994871,329.002150862139,687.898155700359,-175.698272313116
22.905041433655,0.376750367295622,329.037559528152,687.93299657802,-175.629172098644
22.9616202265175,0.376217855992791,329.090338322198,687.985024863619,-175.526076561148
23.0031787496775,0.375827179845699,329.129014899508,688.235317248043,-175.252364283462
23.0186368421144,0.375682257114018,329.143323066885,688.882459762451,-174.633226985932
23.0340949345513,0.375537807176022,329.157537333119,689.529688117628,-174.014089688403
23.0495530269882,0.375393867249968,329.171650590917,690.177006209651,-173.394952390873
23.2041339513569,0.373982736961869,329.307312917249,696.655106552902,-167.203579415575
23.2957693290622,0.373169669170109,329.383227052888,700.22202887848,-163.792243090006
23.3461368682271,0.372729027671455,329.423773128478,701.549900445907,-162.508753158637
23.3857955309787,0.372384644575417,329.45522247765,702.595873544987,-161.498151982221
23.4254541937303,0.372042407874083,329.486277880367,703.642208231838,-160.487550805805
23.4966489017155,0.371433403813338,329.541050246725,705.521476613389,-158.67333291109
23.6094362324325,0.370481546491951,329.625494587365,708.137706019939,-156.138040046394
23.7222235631496,0.369543751092273,329.707437095491,710.323107343921,-154.006864295224
23.8242890736807,0.368706459590861,329.779597623438,712.302609014254,-152.078282958188
23.9263545842118,0.367879340276343,329.849997804399,714.158920633819,-150.266146634301
23.9539247942469,0.367657275490956,329.868780444631,714.226202561631,-150.18171175052
23.9814950042819,0.367435389429359,329.887533182988,714.293510348714,-150.097276866739
24.0090652143169,0.367213631985506,329.90626453833,714.360838739221,-150.012841982958
24.2847673146673,0.365002879552256,330.092443727963,715.038628743209,-149.165323594541
24.4173205403213,0.363944753555477,330.181162631317,715.441789434523,-148.686526529384
24.4611966916247,0.363595739922053,330.210322315622,715.961439438165,-148.168332098276
24.505072842928,0.363248358608092,330.239207241042,716.858385681237,-147.298810809372
24.5544666655807,0.362859643773296,330.271330394337,717.86851017287,-146.319942356668
24.6038604882335,0.362473510717364,330.30302311597,718.879047632857,-145.341073903963
24.7099508286776,0.361652936354265,330.369647120636,721.050921520857,-143.238614895526
24.7399685321038,0.361422595295378,330.388195682381,721.291803014256,-142.992051985788
24.7699862355299,0.361192562686291,330.40669437804,721.371350688612,-142.895808535059
24.800003938956,0.360962714959717,330.425163486389,721.450925900979,-142.79956508433
24.8300216423821,0.360733021747448,330.443607969547,721.530525503225,-142.703321633601
25.0321199699026,0.359190591659558,330.567149927745,722.067073908913,-142.055349330357
25.0984205497554,0.358685448290073,330.607543573774,721.912362398543,-142.150849197113
25.1533648688068,0.35826557841977,330.641224531088,721.121994048914,-142.846284531948
25.1946461170067,0.357948923822751,330.666726694999,720.527970850297,-143.368785113627
25.2359273652065,0.357631107984596,330.692420656368,719.933764392945,-143.891285695306
25.3044211569376,0.35710122089478,330.735478390295,718.947452029554,-144.758217960716
25.9893590742482,0.351636569263903,331.194633642821,709.505993584136,-153.010268049654
26.035771217539,0.351254517543858,331.227756754321,708.403723752874,-153.997735762665
26.0821833608299,0.350870147585129,331.261294274399,707.301065293193,-154.985203475675
26.1285955041207,0.350483145525927,331.295302789386,706.056563627255,-156.104143022496
26.1876706540809,0.349985339884289,331.339530132569,703.781007417452,-158.170441891491
26.2323966539862,0.349604270648015,331.373773991559,702.057470062613,-159.734843896077
26.2771226538915,0.349219447432731,331.408707365934,700.333304502672,-161.299245900662
26.3525053057823,0.348562347786347,331.469170366574,697.425907775008,-163.93593981424
26.390459082622,0.348227472563241,331.500369544488,695.961402801397,-165.263466637461
26.4025191353797,0.348120612988031,331.510368587119,695.814742249688,-165.389065954846
26.4145791881374,0.348013931948327,331.520334047271,696.441785276132,-164.795715323912
26.423410458009,0.347936015974798,331.527593090762,696.900990126265,-164.361219749514
26.4322417278806,0.347858307009164,331.534813186323,697.360230094835,-163.926724175116
26.4462571753245,0.347735407164924,331.546191746434,698.089127581703,-163.237168768456
26.5864116497641,0.34653488000469,331.654780424978,705.382893266014,-156.34161470186
26.603302043874,0.346393870515364,331.667194197455,706.587202119096,-155.208956918559
26.6140892242435,0.346304525016853,331.674996206065,707.963289032219,-153.921842554862
26.6225888079403,0.34623462334715,331.681056083503,709.047637513348,-152.907681681771
26.6310883916372,0.346165184330057,331.687034861174,710.132061605755,-151.893520808681
26.6463644003062,0.346041548803969,331.697578136673,712.081249036501,-150.070804444961
26.799124486996,0.344887266972176,331.789835542566,731.586154130699,-131.843640807766
26.9577602237935,0.343846603632537,331.861960422334,751.865192970854,-112.91540113489
26.9890861744185,0.343660134932957,331.873482662915,755.872446133145,-109.177623548446
26.9999593691769,0.34359684315481,331.87730480384,757.153550993889,-107.982390732575
27.0029751928897,0.343579385459979,331.878353489904,757.193593328442,-107.943642804257
27.0059910166024,0.343561938448457,331.879400968268,757.233636953717,-107.904894875939
27.0090068403152,0.343544498043848,331.880447659814,757.273681475299,-107.866146947621
27.0391650774428,0.343370432729203,331.890872613815,757.674173574217,-107.478667664442
27.1384520686441,0.342801797749133,331.924652406427,758.993282000609,-106.203007816789
27.1899092684413,0.342509768148141,331.941833501182,759.677298938366,-105.541875045418
27.206462850601,0.342416342341085,331.947297698567,760.16366974692,-105.082014555953
27.2230164327606,0.3423234628128,331.952696177231,760.974453917203,-104.321060483546
27.2370156876077,0.342245416019774,331.957201683864,761.660197755058,-103.677526662057
27.2510149424548,0.342167852492614,331.961649695882,762.346007004959,-103.033992840567
27.2800010550902,0.342008792671793,331.970678341589,763.766214610476,-101.701525931571
27.5698621814438,0.340532045597328,332.048640026065,777.983316247887,-88.3768568416074
27.8272214650698,0.339394441926669,332.100165688119,790.628295771096,-76.546269778467
27.9747528544499,0.338815908818527,332.122910843711,797.885933089825,-69.7643774681659
27.9912693208603,0.338754478806454,332.125171473877,798.698832771737,-69.005129575142
27.997562109276,0.33873125073016,332.126020010176,799.008568726635,-68.7158554515375
27.9994927491154,0.338724151025377,332.126278332863,799.227809806409,-68.5118724564802
28.0010599476148,0.33871841607517,332.126485814069,799.700008380461,-68.0733283948505
28.0022486712709,0.338714088734545,332.126641418578,800.058174736176,-67.7406917182938
28.0034373949271,0.33870978263851,332.126795369061,800.416343530679,-67.408055041737
28.0054340027598,0.338702597927762,332.127050245102,801.017937633778,-66.8493507622288
28.0254000810868,0.338634038534861,332.129358191495,807.034251478057,-61.2623079671469
28.225060864357,0.338277262612985,332.140962042551,867.230792748447,-5.39188001632753
28.2463792352771,0.338273128933362,332.14067471589,871.484661087504,-1.44548314003572
28.2514110374145,0.338272735790555,332.140613575313,871.518336787564,-1.41421600374935
28.2564428395519,0.338272364036396,332.140556454244,871.552014126896,-1.38294886746297
28.2674873518177,0.338271569856706,332.14043266151,871.625935604048,-1.31431932663467
28.3779324744752,0.338265763481953,332.139145244707,872.3653144062,-0.628023918351606
28.5451202785857,0.338262569975965,332.137267367477,873.04207732937,0
28.6145854906927,0.338262519730858,332.136502309754,873.042073502702,0
28.6352665712467,0.338262533531019,332.136272694881,873.042074553722,0
28.6538947223223,0.338262537309991,332.136065344255,873.042074841529,0
28.6755822201455,0.338262538280455,332.135823792812,873.042074915439,0
28.6796378924834,0.338262668687965,332.135778687564,874.120380861247,1.00027943186087
28.6805557417178,0.338262757750142,332.13576857436,875.671923632213,2.43955914527032
28.6814735909522,0.338262912692045,332.1357586588,877.223471323112,3.87883885867983
28.6831885374638,0.338263392386167,332.135741158725,880.122459597537,6.56804709820917
28.7003380025799,0.338281817672035,332.13590186548,909.113266435235,33.4601294935024
28.8718326537407,0.339826627916549,332.421971069747,1199.03624540581,302.380953446435
28.9062404638312,0.340434012508744,332.536305262938,1257.18832868196,356.33585278184
28.9275217995518,0.340859530491151,332.626944007972,1293.14942142678,389.707122953023
28.94944231232,0.341337642008425,332.73855787108,1330.18475630895,424.080686881788
28.9565872138401,0.34150220981966,332.779074006724,1342.25486129926,435.284609516258
28.9584814237094,0.341546512539006,332.790150696761,1344.64135790047,437.5
28.959999307106,0.341582095846108,332.799069193308,1344.64110383566,437.5
28.9611564680118,0.341609235066147,332.805874619424,1344.64091006163,437.5
28.9623136289177,0.341636373993066,332.812679907477,1344.64071628969,437.5
28.9642786598364,0.341682458580401,332.824235542075,1344.64038724574,437.5
28.9839289690234,0.342143311343934,332.939789584974,1344.637096757,437.5
29.1804320608935,0.346752234562337,334.09496860157,1344.60418904522,437.5
29.3149049205669,0.349905818319527,334.884696759975,1344.5816724572,437.5
29.4493777802404,0.353059420357698,335.673961894219,1344.55915573865,437.5
29.5838506399138,0.356213049933624,336.462768551719,1344.53663882347,437.5
29.7183234995872,0.359366691450329,337.251109154337,1344.51412182304,437.5
29.8527963592607,0.362520336183648,338.038979471687,1344.49160479965,437.5
29.9031539996776,0.363701319014389,338.33390125681,1344.48317258224,437.5
29.9535116400946,0.364882301726887,338.628756817123,1344.47474036567,437.5
29.9597258316868,0.365027874090221,338.66505662498,1343.60258952727,436.688076695784
29.965940023279,0.365172781014416,338.701024024528,1340.46505227995,433.764589423378
29.9703091387381,0.365274137894342,338.726050964641,1338.25919132558,431.709124404828
29.9746782541972,0.365375010933538,338.750838500793,1336.05341243716,429.653659386279
29.9811931369384,0.36552452535671,338.787357496265,1332.76447893329,426.588710954527
30.0463419643505,0.366960830642547,339.124942349102,1299.88469607363,395.939226637014
30.183241640393,0.369630142877051,339.685230416337,1230.84325060494,331.534314981445
30.2046481072542,0.370004209890229,339.754527979678,1219.15443536106,320.625524032239
30.2224173292502,0.370304416913877,339.808336372049,1207.79738654493,310.025982098674
30.2324390906613,0.370469380605194,339.8371439528,1201.39251693398,304.047888046555
30.2424608520724,0.370631122707646,339.864834688881,1194.98796033296,298.069793994436
30.2561691413059,0.370847151912104,339.900945574687,1186.22796000789,289.89264439269
30.3932520336409,0.37267702804953,340.169720153033,1098.65288307205,208.121148375229
30.4537590483316,0.373293511485291,340.236882248707,1060.00794812818,172.028029631307
30.4725684021668,0.373461302943547,340.252505540796,1047.9953323651,160.808037289248
30.4780397542164,0.373507987376478,340.256664900834,1044.50108356593,157.544313897409
30.4798042302057,0.373522860877356,340.257976043521,1043.79270804009,156.88243155659
30.481568706195,0.373537694551262,340.259280533149,1043.58401156232,156.686979918728
30.4830636712645,0.373550243695276,340.260382514732,1043.40719195179,156.521382102068
30.484558636334,0.37356277962765,340.261482136545,1043.23037251972,156.355784285408
30.4876612953831,0.373588755081946,340.263756837772,1042.86340104587,156.012101630304
30.5186878858741,0.373845362674956,340.285949367048,1039.19372502928,152.575275079262
30.8289537907847,0.376096868554136,340.459853526976,1002.49855795947,118.207009568835
30.8808024330679,0.376417516957535,340.480243396444,996.416524934775,112.510675011815
30.8933597239453,0.376492913915116,340.484887180159,995.281597759356,111.446849946673
30.9059170148228,0.376567573471031,340.489441615027,994.146660464996,110.383024881531
30.9184743057003,0.376641514878028,340.493906987065,993.011713669165,109.319199816389
31.0440472144749,0.377341573678428,340.533902590687,981.661635324052,98.6809491649694
31.107068607084,0.377665918355137,340.550844443172,975.964853594294,93.3419204085311
31.1369220593394,0.377813266919959,340.558181924488,973.26612794259,90.8128039692987
31.1523754578622,0.377887951188355,340.561814116943,971.869116169833,89.5036272646573
31.1592881519757,0.377920999485606,340.56340210459,971.201738378345,88.8783431241106
31.161137005472,0.377929785244948,340.563821432031,970.762225606968,88.4672669995501
31.1629858589683,0.37793853260445,340.564236888773,970.322711930171,88.0561908749895
31.1648347124646,0.377947239434012,340.564648273653,969.883197212254,87.6451147504289
31.1833232474279,0.378032063827738,340.568543494576,965.487989788779,83.5343535048231
31.3682085970602,0.378656189606912,340.591941832348,921.527960175767,42.4267410487651
31.3833671834187,0.378689296801808,340.592481197034,917.922908117885,39.0563642468824
31.3980920912483,0.378718833156999,340.592905628007,914.420853289603,35.782412007221
31.3998595106611,0.378722210041163,340.592950254526,914.102746722236,35.4849782647761
31.4016269300738,0.378725563581801,340.592993998184,913.892648129432,35.2884602999885
31.4033288101832,0.378728774148114,340.593035385912,913.690339339216,35.0992295984366
31.4050306902926,0.378731967420039,340.593076082755,913.488029578164,34.9099988968847
31.4104821029816,0.378742080077018,340.593201856213,912.839990333301,34.3038606372635
31.4649962298719,0.378833464419676,340.594115553227,906.359036683963,28.2424780410513
31.544395023702,0.378934880115631,340.594498896209,896.917731793236,19.4141890353383
31.6120560582506,0.378991651193095,340.594140647638,888.870240915818,11.8910121883555
31.670554953539,0.379018740802146,340.593512092294,881.910958230494,5.38656634971302
31.7259762183717,0.379026972544378,340.592794929201,876.14669422898,0
31.7397743587557,0.379027054501232,340.592606291317,876.146700470814,0
31.7535724991397,0.379027048763917,340.592418679008,876.14670003386,0
31.789742992058,0.379027057032925,340.59192761774,876.146700663628,0
32.1514479212405,0.379028394562931,340.586998561076,876.146802529913,0
32.4087698554363,0.379028217564566,340.583513891797,876.146789049717,0
32.6660921479973,0.379028096351848,340.580028799727,876.146779818157,0
32.7145026750667,0.37902808913182,340.57937290883,876.146779268279,0
32.7877798175419,0.379028085593942,340.578379989664,876.146778998835,0
32.8140688103154,0.379028085780624,340.578023746355,876.146779013052,0
32.8379015485399,0.379028085858177,340.577700791826,876.146779018959,0
32.8467790493902,0.379027505426753,340.57758116798,873.971072177736,-2.03288658102744
32.853800543148,0.379026392822165,340.577488226128,872.007198908989,-3.86780235581288
32.8608220369058,0.379024599384611,340.577398312859,870.043272271341,-5.70271813059833
32.8740691467886,0.379019326718877,340.577243232555,866.337877070733,-9.1645642466262
33.0065402456159,0.378831361551012,340.580068283384,829.272115618395,-43.783025406905
33.0786051580316,0.378625854955693,340.585688707609,809.09802846247,-62.6156341311192
33.1014297249844,0.378545595981436,340.588368528814,802.706783796194,-68.5803418413348
33.1138325925851,0.378498923015579,340.590065760259,799.233430665894,-71.8215634671268
33.1190702573432,0.378478568033996,340.590836212512,797.778694328811,-73.1789927879212
33.1204410010732,0.378473187531147,340.591042382902,797.631217064359,-73.3163255000824
33.1218117448031,0.378467795352423,340.591249547258,797.483738465997,-73.4536582122437
33.123182488533,0.37846239292928,340.591457574962,797.336258661888,-73.5909909244049
33.1368899258322,0.378407815896768,340.593584725933,795.86139509025,-74.9643180460173
33.2739642988244,0.377806579750232,340.620081612992,781.106028591772,-88.697589262141
33.3485909865803,0.377436801379323,340.638631769329,773.067508931582,-96.1743226627068
33.3889712197433,0.377224246563115,340.649998123784,768.71626822928,-100.219956297162
33.4023587214887,0.37715191783574,340.653975195071,767.455748967909,-101.390927645285
33.4130790826013,0.377093522905018,340.657215504897,766.88223399267,-101.921414824302
33.4213494678558,0.377048244980002,340.659742020051,766.43975726918,-102.330667208342
33.4296198531104,0.377002786021842,340.662289739522,765.997256160632,-102.739919592383
33.4439885113061,0.376923378127446,340.666766528294,765.228413287287,-103.450939386634
33.5876750932635,0.37609916763459,340.715230630905,757.535872930153,-110.56113732914
33.6520658504527,0.37571205544342,340.73914432046,754.086127680262,-113.747454541551
33.6781955369308,0.375551828311481,340.749250572881,752.685783842318,-115.040457969594
33.6847666845047,0.375511317103997,340.751820524063,752.678854454061,-115.043218920127
33.6913378320786,0.375470803057405,340.754390944591,752.720090287426,-115.001003610771
33.6979089796525,0.375430301157081,340.756959812913,752.761327962997,-114.958788301414
33.7087040744997,0.375363797790751,340.761175630978,752.829077973868,-114.88943690375
33.8166550229715,0.3747009806065,340.803045981892,753.506891678168,-114.195922927113
33.9123238639236,0.374116928259552,340.83971862167,754.108061369139,-113.58131342837
33.9777892735682,0.37371908274006,340.864579178347,754.519693178403,-113.160741147926
34.0011519555623,0.373577371362706,340.873416779761,754.539125336332,-113.129676938933
34.0082327452516,0.373534353799355,340.876104062976,754.164096685883,-113.475829359344
34.0153135349408,0.373491217538685,340.878806752874,753.78905075272,-113.821981779754
34.02239432463,0.373447950889775,340.881526408321,753.413986368859,-114.168134200165
34.0932022215224,0.373008041489729,340.909684158988,749.662315017693,-117.629658404269
34.3063428722129,0.371604556479183,341.005517556466,738.357840800642,-128.049280418543
34.3254619568904,0.371472659277378,341.014949487478,737.019039098622,-129.28617115395
34.344581041568,0.371339160658332,341.024620856611,735.045582370608,-131.115049293967
34.3587295914362,0.371239214206875,341.03195127551,733.585003392568,-132.468459982989
34.3728781413044,0.371138239357575,341.039437508627,732.124268378216,-133.821870672012
34.3958386657555,0.370972185445474,341.051922776232,729.753426722019,-136.018210191397
34.47227025132,0.37039994017964,341.096587097657,721.858291995366,-143.329441790779
34.5622728962728,0.369688664720304,341.155352564732,712.921872913478,-151.596927281257
34.5664844945214,0.369654450922974,341.158256628208,712.958063376683,-151.559816204172
34.57069609277,0.369620238170436,341.161161159141,712.994254433107,-151.522705127086
34.5749076910186,0.369586033539827,341.164064504476,713.030446825849,-151.485594050001
34.6170236735046,0.369244456393073,341.193016177913,713.392446568881,-151.114483279148
34.7030739712186,0.368549162048728,341.251726509094,714.132498467516,-150.356239248454
34.7446257832216,0.368214672226802,341.279864135808,714.490056440826,-149.990099743387
34.7582943523016,0.36810481935475,341.289089657808,714.607704868871,-149.869657267436
34.7617198119313,0.368077346325566,341.291391903253,715.057671024496,-149.447354910767
34.765145271561,0.368049954847655,341.293680236537,715.616741913086,-148.923318505047
34.7685707311907,0.368022657005021,341.295952641371,716.175828044677,-148.399282099327
34.7732240093757,0.367985729050354,341.299013391433,716.935337325361,-147.687410573037
34.8197567912251,0.367626221505483,341.328016032172,724.531986483466,-140.568695310132
34.8999253684315,0.367048495635555,341.37146345982,737.626279147079,-128.304281890561
34.9154716840028,0.366942564041326,341.378944886564,740.166451771808,-125.925963003514
34.9207704332406,0.366906868258697,341.381435915505,740.759279642614,-125.369898151748
34.9260691824783,0.366871251202684,341.383915991945,740.808018646638,-125.321134080247
34.9300587885865,0.366844455668453,341.385780306135,740.844718489287,-125.284417974465
34.9340483946947,0.366817667592347,341.387643570732,740.881419452444,-125.247701868684
34.9406800712055,0.366773155421422,341.390738484241,740.942427631512,-125.186670947416
35.0069968363132,0.366329234434015,341.421517207795,741.552686246358,-124.576361734742
35.6701644873904,0.362004438358907,341.713517822412,747.404060574458,-118.723094655112
35.6812947201116,0.361933759699455,341.718153602526,747.874855561573,-118.278026205494
35.6924249528328,0.361863324759397,341.722756818169,748.345686557063,-117.832957755876
35.703555185554,0.361793152946171,341.727324712744,748.81655541081,-117.387889306259
35.814857512766,0.361106071030976,341.771080126856,753.527327476218,-112.937204810082
35.8721244406147,0.360762892480884,341.792244187884,755.952558011011,-110.647252440672
35.8835073337953,0.36069539811377,341.796358487331,756.085631392477,-110.517204379161
35.894890226976,0.360627876156153,341.800476460562,755.846267401734,-110.734018001145
35.9050084120121,0.360567766898751,341.804148322482,755.633484818592,-110.926742320944
35.9151265970482,0.360507553086398,341.807833501945,755.420687649077,-111.119466640743
35.9378515069253,0.36037193129173,341.816159335226,754.942702848696,-111.55231529719
36.165100605696,0.358987746291948,341.903072977352,750.308469995194,-115.741523573987
36.1811161672515,0.358888406361812,341.909430122074,750.308479964275,-115.73243208826
36.197131728807,0.358789052065982,341.915789494285,750.308488866654,-115.723340602533
36.2131472903625,0.358689704232077,341.922148186706,750.30849874751,-115.714249116806
36.3733029059174,0.35769668271557,341.985678775188,750.308661321506,-115.623334259536
36.5334585214724,0.356702790314189,342.04933433529,749.964928111163,-115.85242858524
36.5530978880821,0.356580590798706,342.057183563284,749.528056237307,-116.247837477821
36.5727372546918,0.356458005408069,342.065084311662,749.091128005556,-116.643246370403
36.5923766213015,0.356335004803171,342.073040665792,748.654140440495,-117.038655262985
36.7887702873986,0.355082069350395,342.155744257076,744.280971638792,-120.992744188801
36.813926867719,0.354918861780272,342.166707603252,744.108500396578,-121.138146243482
36.8390834480393,0.354755578176657,342.177681945183,744.160928413467,-121.074295944163
36.8642400283597,0.354592347412465,342.188649314416,744.213365642157,-121.010445644844
36.8893966086801,0.3544292023327,342.199605085053,744.265815338559,-120.946595345525
37.0656413861104,0.353288660609704,342.276029752775,744.633626159839,-120.499265794012
37.1108010353411,0.352996643905741,342.295582720855,744.390617041426,-120.698365005419
37.1559606845719,0.352704030315458,342.315219129223,744.005826767507,-121.029247947095
37.2011203338027,0.352410655380422,342.334961981321,743.620924047825,-121.36013088877
37.2462799830335,0.352116478869928,342.35481714736,743.235904742369,-121.691013830446
37.3050842409252,0.351732213311712,342.380840944221,742.734379631494,-122.121870273437
37.3476915610493,0.351452938549693,342.399816666511,742.370869683051,-122.434052401945
37.3593967773852,0.351376107264215,342.405045004679,742.319424459331,-122.474780237127
37.3625050628225,0.351355733756135,342.406429344845,742.672344003782,-122.144751721916
37.3656133482599,0.351335409704375,342.407806766556,743.025271022331,-121.814723206706
37.3687216336973,0.351315140133272,342.409176583703,743.378206004523,-121.484694691496
37.399804488071,0.351115476357677,342.422459008073,746.907995069859,-118.184409539393
37.4733399642874,0.350665005858159,342.450992041013,755.261857747986,-110.376631096906
37.5264076559274,0.350359034614691,342.46913625204,761.293184479737,-104.742061225358
37.5550435753022,0.35020058766553,342.478112139122,764.548664537799,-101.70158436332
37.5630251255754,0.3501573200979,342.480508156146,765.723372304166,-100.605732424621
37.5710066758485,0.350114573451112,342.482844495588,767.160794564999,-99.2657254494551
37.5789117756266,0.35007278991012,342.485095579587,768.584522609304,-97.9385535994494
37.5868168754046,0.350031568297035,342.487283586764,770.008324903455,-96.6113817494438
37.6276182700034,0.349827754930198,342.497621309942,777.358305992287,-89.7613148466859
37.7054524981875,0.349480506403803,342.513265788221,791.384643869706,-76.6938774311744
37.8594109422351,0.348954221232063,342.531658424239,819.148035931955,-50.846093247816
37.8871058438596,0.348882188210124,342.533252734803,824.144742351091,-46.1964499976677
37.9141008214351,0.348818618842,342.534470538577,829.015850059829,-41.6643156368396
37.9196715867796,0.348806307566695,342.534682525038,829.965698661253,-40.7805840996595
37.9215403722247,0.34880222977613,342.53475131746,830.148648482021,-40.6102364393153
37.9230947910962,0.348798852000376,342.534807908694,830.300823914075,-40.468544615547
37.9246492099676,0.348795486032852,342.534863957471,830.453000518362,-40.3268527917787
37.9277824101618,0.348788737086527,342.534975284517,830.759742341908,-40.041248404256
37.959114412103,0.348723886413453,342.535972108912,833.827420600586,-37.185204529029
38.1211602062219,0.348465048397333,342.538517805911,849.700410947971,-22.4140482311293
38.1401917883358,0.348443066370947,342.538517257038,851.565395196223,-20.6792394042249
38.1540192324296,0.348428205689784,342.538492166778,852.920501999248,-19.4188096657
38.1596483671788,0.348422439861458,342.538475863821,853.569114208808,-18.8156161340777
38.1608149035088,0.348421272404119,342.538471903322,853.857830806538,-18.5472207514712
38.1619814398389,0.348420120955252,342.538467603941,854.146548798508,-18.2788253688647
38.1631479761689,0.348418986245788,342.53846295389,854.435268240437,-18.0104299862582
38.1748133394695,0.34840856317389,342.538398941265,857.322542108257,-15.3264761601936
38.2914669724748,0.348396648213076,342.537706819411,886.202695099738,11.5130621004533
38.3591955226856,0.348466732902407,342.537762183782,902.975899104339,27.095971675463
38.4552208909478,0.348663066874004,342.54131962789,926.762669695292,49.1893817053716
38.4773998598256,0.3487245809542,342.542816369064,932.257526845049,54.2922942203184
38.4826010560063,0.348739909786644,342.543224174656,933.706666249002,55.6381404323767
38.487802252187,0.348755620780141,342.543658060155,935.227139878842,57.0502666875072
38.4930034483678,0.348771723220446,342.544118086925,936.74763051559,58.4623929426377
38.4982046445485,0.348788219394271,342.544604606986,938.268137991588,59.8745191977682
38.5502166063559,0.348974837373802,342.551151109423,953.474069096745,73.9957817490731
38.6022285681632,0.349200827765148,342.561065242284,968.681334719539,88.117044300378
38.6396663526168,0.349387862637976,342.570582414391,979.628047818474,98.2814135192667
38.6713334790155,0.349561992184126,342.580404987107,988.887758736733,106.879047420803
38.7030006054141,0.349750716166232,342.592017346503,998.147690186397,115.47668132234
38.71085518757,0.349799785386434,342.59518429621,1000.4445108415,117.609202630921
38.7160985337244,0.349833041416693,342.59736624684,1001.97776382627,119.032772615985
38.7190690074281,0.349852054171625,342.598625993241,1002.78916873984,119.786069433724
38.7194724332623,0.349854641796346,342.598797833119,1002.57263108361,119.584658209311
38.7198758590965,0.349857225694017,342.598969162696,1002.35609342672,119.383246984898
38.7202792849307,0.349859805292046,342.599139903759,1002.13955573811,119.181835760485
38.7243135432729,0.349885360862268,342.600814755987,999.974176787316,117.167723516353
38.7646561266943,0.350116948535871,342.61464822689,978.32008268153,97.0266010750386
38.8025746599381,0.350294926167596,342.623236992716,957.966296695178,78.0956909526085
38.8423227498465,0.350440183161903,342.628563591721,936.629136784304,58.2513706895444
38.8697731347272,0.350515815341773,342.630464462909,921.892474370559,44.5467063856705
38.8958027657248,0.350568905352397,342.631305498995,907.917597519151,31.5513565453011
38.9139375147329,0.350595175867512,342.631471061138,898.180736743851,22.4975436945465
38.9297604187286,0.350610907618167,342.6314250886,889.684691989626,14.5979244900746
38.9455833227242,0.350619939098194,342.631268322643,881.188192811888,6.69830528560276
38.9614062267199,0.350622881663142,342.63106031965,873.983438667465,0
38.9641821122386,0.350622893252991,342.631020536881,873.983439550148,0
38.9669579977573,0.350622891465442,342.630981118859,873.983439414008,0
38.9709924215917,0.350622889363485,342.630924010274,873.983439253923,0
39.0113366599355,0.350622912246898,342.63035095356,873.983440996724,0
39.2051139475321,0.350623134078638,342.627590788459,873.983457891429,0
39.3032287243777,0.350623096216798,342.626207007996,873.983455007871,0
39.3593057528812,0.350618994693515,342.625420479435,871.542842029738,-2.26869188890555
39.3860814793893,0.350614663206016,342.625050504599,869.921380109952,-3.77581851987172
39.4128572058974,0.350608194624208,342.624689705201,868.299750793518,-5.28294515083789
39.4476812387811,0.350596522565485,342.624241175469,866.190430329685,-7.24308719743231
39.5185278470157,0.350561459262182,342.62343993573,861.898279663169,-11.230833709254
39.5634180010912,0.350531394721644,342.623024499758,859.178021613448,-13.7575680129835
39.5932813407358,0.350508025795814,342.622798731994,857.368077508324,-15.4384872759765
39.6016957632479,0.350500925191936,342.622743800257,856.737916751883,-16.023798987781
39.61011018576,0.350493501529447,342.622694940224,855.852870263862,-16.8460416003806
39.6165300117102,0.350487597596214,342.6226622995,855.177598956081,-17.4733757346231
39.6229498376605,0.350481477537648,342.622633991438,854.502309032962,-18.1007098688655
39.6338666223446,0.350470573777006,342.622596330106,853.353949124006,-19.1674789248505
39.7430344691858,0.350327207321776,342.623207318181,841.867296924001,-29.8351694847001
39.8656309848836,0.350091775817295,342.626550161148,828.960723394134,-41.8150860171028
39.8797970130307,0.350059512162862,342.627131514991,827.504255761375,-43.1664737574009
39.8829266050275,0.350052257608084,342.627266880905,827.313597260027,-43.343137816114
39.8860561970243,0.350044971497308,342.627404022179,827.122935605855,-43.5198018748271
39.889185789021,0.350037655592043,342.627542710044,826.932270944487,-43.6964659335401
39.9204817089887,0.349962869046075,342.629012542345,825.025459223819,-45.4631065206709
40.1219667116947,0.34941043904759,342.642656893498,812.741915471731,-56.8368441786854
40.1961548615131,0.34917608059134,342.64954437817,808.21571158245,-61.024731823102
40.2121087636411,0.349123586607476,342.651165161614,807.408881159133,-61.7703424879346
40.2280626657691,0.349070459094591,342.652831868481,806.638171322194,-62.4823161629379
40.2440165678972,0.349016718533167,342.65454291027,805.867393015251,-63.1942898379413
40.2679530598445,0.348934947501951,342.657193245019,804.710824924697,-64.262501990782
40.5073179793174,0.348041865021349,342.689765535761,793.13649872148,-74.9446235191895
40.54794262661,0.347876686751306,342.696375412114,791.170526165206,-76.7575768140313
40.5625766454726,0.34781615530619,342.698846898741,790.31817457717,-77.5444899415767
40.5740483767108,0.347768161865298,342.700833041095,789.300870820885,-78.4857221950231
40.5828723459662,0.34773086878875,342.702394769246,788.518322342608,-79.2097109543524
40.5916963152215,0.347693232914103,342.703987666538,787.735732258142,-79.9336997136817
40.6069823311741,0.347627222866135,342.706821926168,786.379929945385,-81.1878862826028
40.7598424907001,0.346910609630417,342.740881676763,772.814860340451,-93.7297519718134
40.9050403854561,0.346134726641106,342.783486710279,759.917419199155,-105.642944395747
40.9219633029176,0.346038381994853,342.789111919322,758.648227076516,-106.813311205839
40.9277146779057,0.346005453066686,342.791047860465,758.592796609614,-106.861849912483
40.9324880031056,0.34597810389777,342.792657411009,758.546789978626,-106.902134371776
40.9372613283054,0.345950744559876,342.794268300897,758.500781946566,-106.94241883107
40.9468537452801,0.345895733628433,342.797509226625,758.408320599082,-107.023373996487
41.0427779150273,0.34534332877632,342.830202228344,757.483391893108,-107.83292565066
41.1195573264782,0.344898209785579,342.856739387939,756.752607202941,-108.471660184536
41.1362952553179,0.344800972229827,342.862549636828,756.890052732128,-108.335268818475
41.1530331841577,0.344703832225221,342.868347828025,757.027512750775,-108.198877452414
41.1697711129975,0.344606812100892,342.874131206165,757.164989411294,-108.062486086353
41.3371504013952,0.343643376217419,342.931135636938,758.540685853151,-106.698572425741
41.406303595749,0.343248894960399,342.954250679819,759.109548075573,-106.135067900439
41.4360334365123,0.343079945488414,342.964109951079,759.354197163333,-105.892810113749
41.443764865502,0.343036008499604,342.96667402952,759.140619712279,-106.087172832881
41.4514962944918,0.34299196179282,342.969251506645,758.754443272615,-106.441767720571
41.4611219382804,0.342936926645882,342.972484579099,758.273625555069,-106.88323902978
41.470747582069,0.342881665008887,342.975745473073,757.792776707716,-107.324710338989
41.4897830203999,0.342771708526533,342.98227729116,756.841769342235,-108.197753230027
41.6801374037086,0.341623670799272,343.053891664712,747.417513081295,-116.842231997122
41.684117861021,0.341598758430498,343.055504772593,747.54243889243,-116.724000946802
41.6880983183335,0.341573865468782,343.057115588908,747.667367734092,-116.605769896481
41.6920787756459,0.341548997267262,343.058723191719,747.792300131393,-116.487538846161
41.7318833487703,0.34130171042074,343.07461321334,749.041822569554,-115.305228342956
41.8669747314452,0.340481265541071,343.12609304676,753.28519575899,-111.292625064185
41.9391791433213,0.340054658861376,343.152074430482,755.55488664586,-109.14794600251
41.966235744014,0.339896757199526,343.161562262969,756.181269255889,-108.552511644737
41.988068769586,0.339769673055898,343.169176939313,756.190744233645,-108.532301778273
42.0044553438182,0.33967435201304,343.174884618663,756.19786211726,-108.517133451008
42.0208419180504,0.339579042935704,343.180590902898,756.204981709947,-108.501965123744
42.0479372663911,0.339421472888024,343.190023427349,756.216757587923,-108.476884157757
42.1945647172246,0.338569409106903,343.240992565195,756.280570470921,-108.341157609386
42.2627824428995,0.338173344581786,343.264663639102,756.310308391409,-108.278011476851
42.2883398555495,0.338025245043527,343.273496911897,756.615538967309,-107.981581772441
42.3138972681994,0.337877903796708,343.28223651733,757.431472451736,-107.211515089888
42.3324458050202,0.337771574494791,343.288504901276,758.023729408604,-106.652631825318
42.350994341841,0.337665803442135,343.294704938192,758.616062787806,-106.093748560747
42.3799921678348,0.337501565728094,343.30426170981,759.542239022379,-105.22001928423
42.4653192206293,0.337026173195675,343.331440683567,762.268614268079,-102.649042269557
42.508858292313,0.336788133712013,343.344770423814,763.660389569998,-101.337172834567
42.5230783874795,0.336711143101022,343.349035724122,764.329951989897,-100.709409057495
42.537298482646,0.336634779814688,343.35322867993,765.386449717932,-99.7228810473849
42.5483087179377,0.336576145767399,343.356418783157,766.204533793688,-98.959039076851
42.5593189532293,0.33651796318271,343.359557553747,767.022677748491,-98.1951971063171
42.5784670655263,0.336417853350401,343.364895239965,768.445669822278,-96.8667848207084
42.7699481884957,0.335492899708901,343.410448860271,782.889680959348,-83.393241505903
42.7864171106263,0.335419915740322,343.413678196829,784.396830980705,-81.989609862858
42.8000383151844,0.335360472073284,343.416264036646,785.643486443127,-80.8286866656698
42.8136595197425,0.33530187641525,343.418771741536,786.890245631974,-79.6677634684816
42.8406067351537,0.335188454508112,343.423506273295,789.35704820764,-77.3710761720655
42.8941444613202,0.334972957031661,343.432054282266,794.259180477677,-72.8081032010486
42.9161803481751,0.334888063990989,343.435246149738,796.277325961906,-70.9300040864401
42.9214370339538,0.334868167920583,343.435978199758,796.934516406851,-70.319073882649
42.9266937197324,0.334848453982125,343.436695618642,797.684758003293,-69.6218963529183
42.931950405511,0.33482893360343,343.437397576243,798.435022115141,-68.9247188231876
42.9372070912896,0.334809609662359,343.438083972837,799.185308921878,-68.2275412934569
42.9897739490759,0.334627178035196,343.444148234041,806.689408324403,-61.2557659961501
43.152301861281,0.334187400531007,343.455490089996,829.904293201953,-39.700205493726
43.1600187770279,0.334171171887493,343.455739584077,830.928942948486,-38.7491178953911
43.166233289585,0.334158358472849,343.455932468595,831.576640250211,-38.1477256164273
43.1707764390548,0.334149122432762,343.456068498247,832.050155292718,-37.7080748814459
43.1753195885246,0.334139993296596,343.456199998042,832.523680781896,-37.2684241464645
43.1824832437422,0.334125815497263,343.456398081376,833.270358706683,-36.5751812094869
43.2541197959179,0.333998681467547,343.457827337499,840.738541740506,-29.642751839711
43.3454755038465,0.333875166525498,343.458401561261,850.266047467919,-20.8020556656849
43.3577171298436,0.333861904602893,343.458378018148,851.543023552326,-19.61740613945
43.3600856962801,0.33385941936689,343.458371834844,851.661986413309,-19.5069521573227
43.3624542627165,0.333856948440853,343.458365413911,851.76357445181,-19.4126045229329
43.364822829153,0.333854489850371,343.458358742371,851.865163563933,-19.3182568885432
43.3688984676953,0.333850287207372,343.458346648099,852.039972367447,-19.1559110707662
43.409654853118,0.333810210131364,343.458184633896,853.788229662382,-17.5324528929964
43.6487553660078,0.333646528629408,343.456197813997,864.050565747488,-8.00830891079068
43.6953857956837,0.333628318635978,343.455602532461,865.683016827277,-6.49389580852073
43.7420162253597,0.33361302983193,343.454985298935,866.632606439009,-5.61263668704532
43.7703428124231,0.333604936236794,343.454602688853,867.209548225589,-5.07729820950295
43.7986693994865,0.333597645375675,343.454215671861,867.786553492523,-4.54195973196059
43.8384583423053,0.333588765940775,343.453665305147,868.597151185375,-3.78999649600887
44.0826336478421,0.333562933608254,343.450229116906,872.684153023605,0
44.1447417431296,0.333562690451055,343.449335762171,872.684134504752,0
44.2068498384171,0.333562716545893,343.448442706481,872.684136492135,0
44.2271300413346,0.333562734667186,343.448151211906,872.684137872253,0
44.2578274033068,0.333562744166324,343.447710041428,872.684138595707,0
44.2660220224171,0.333562743991323,343.447592279805,872.684138582379,0
44.2784259024637,0.333562743870976,343.447414027909,872.684138573213,0
44.281118811703,0.333562919504109,343.447375533799,874.872063131767,2.02792866065136
44.283038619968,0.333563224378704,343.447348552586,876.854503896535,3.86538981785952
44.284958428233,0.333563714625899,343.447322405613,878.836958364676,5.70285097506769
44.2881157400683,0.333564933938712,343.447282475402,882.097328013794,8.72473496433867
44.3196888584213,0.333605266894059,343.447708030031,914.702881810711,38.9435748570484
44.3513526442139,0.333697083937946,343.450512291672,947.40483664484,69.2491931543964
44.3808980746179,0.333829150985726,343.456738336672,977.920697155415,97.5273195325375
44.4054002171497,0.333972646135291,343.465567590559,1003.22834724898,120.978481812962
44.4268399823642,0.334123474013544,343.476747716069,1025.37313683217,141.498622557673
44.4466350015326,0.33428366987133,343.490454177716,1045.81900322376,160.444566009859
44.4650454313753,0.334450704059833,343.50651438142,1064.83448103487,178.065309882863
44.4723809126223,0.334522102133856,343.513862161058,1072.41092455764,185.086147383304
44.4767839260897,0.334566283610641,343.518553397247,1076.95853356058,189.300300623751
44.4789532022478,0.334588416666589,343.52094417901,1079.19903748717,191.376529147373
44.4794750541305,0.334593767909262,343.521525213431,1079.145386543,191.32659511755
44.4799969060132,0.334599118383588,343.522106090619,1079.0333549228,191.222539309206
44.4805187578958,0.334604466252191,343.522686398231,1078.92132341097,191.118483500861
44.4814733849252,0.334614241451018,343.523746267868,1078.71638368286,190.928133536621
44.4910196552188,0.334711456395217,343.534227564327,1076.6670037996,189.024633894214
44.5864823581546,0.335630017433039,343.628031314754,1056.17473377597,169.989637470145
44.868696259818,0.337775920048089,343.809772905291,995.601857682399,113.716973447681
45.0956074091037,0.338883946466786,343.870993011346,946.89324759436,68.471523838539
45.3174247089228,0.339435149837834,343.888145286245,899.258474847739,24.2417735905166
45.3618043417916,0.339482294106262,343.887817488493,889.724538281034,15.3925987088202
45.410977057692,0.339509944887606,343.887232662675,879.159258081733,5.58769645337595
45.4369062649536,0.339514118240291,343.88686476576,873.587342338839,0.417484922332161
45.4507023622155,0.339514445173272,343.886664218858,873.137420144396,0
45.4586907057148,0.339514438699091,343.886548190264,873.137419651323,0
45.4666790492141,0.339514428707097,343.886432322938,873.137418890333,0
45.4781788890219,0.33951442266959,343.886265594416,873.137418430516,0
45.5931772871001,0.339514340649994,343.884597518089,873.137412183904,0
45.6650922973085,0.339514346255501,343.883555209121,873.137412610819,0
45.7063295383164,0.339514349283662,343.882957517759,873.137412841444,0
45.7315955586112,0.339512916683315,343.882592744503,871.236616550486,-1.7635586142983
45.742079062284,0.339511495040947,343.882443145212,869.654532225559,-3.23139928583336
45.7525625659569,0.339509276594414,343.882296566069,868.072385708466,-4.69923995736842
45.7665559029431,0.339505024632743,343.882108336344,865.960441259901,-6.65850756482261
45.8041859283558,0.339486287876305,343.881676008011,860.28054101371,-11.9272501050552
45.8752174726908,0.339421945533925,343.881361653733,849.556564211109,-21.8726837110987
45.8793606717462,0.339417018048457,343.881363569981,848.888775019392,-22.4919162909663
45.8804661315001,0.339415676511489,343.881364948206,848.592602730288,-22.7666158362962
45.881571591254,0.339414319303177,343.881366773152,848.296429038571,-23.0413153816262
45.8826770510079,0.339412945864035,343.881369037417,848.000253896687,-23.3160149269562
45.8937316485471,0.339398315387454,343.88141718114,845.038421883458,-26.0630103802558
46.0042776239387,0.339162471612022,343.886139614892,815.411528081762,-53.5329649132526
46.0872938564827,0.338878349734806,343.89586167301,793.151464897199,-74.1619577409792
46.1153041758922,0.33876177243905,343.9006497301,785.638346333362,-81.1223395903165
46.1219153865797,0.338732777674649,343.90191356038,784.094194686065,-82.5524240250458
46.1285265972671,0.338703325896947,343.903223093712,782.840711619002,-83.7127955479154
46.1347496836949,0.338675217460592,343.904493587155,781.66076927449,-84.8050451549161
46.1409727701227,0.338646744374351,343.905799762599,780.480781503346,-85.8972947619168
46.1581841881614,0.338566100062723,343.909602084053,777.217008009796,-88.9181695009954
46.3302983685493,0.337606364050301,343.966239337359,744.559019032757,-119.126916891781
46.4406307695844,0.336844459638084,344.021637591276,723.576293146249,-138.516789974019
46.4661340595569,0.336651719354679,344.036863379382,718.311590619948,-143.380865661882
46.4916373495293,0.336452380780056,344.053196154129,713.04584232423,-148.244941349745
46.5171406395017,0.336246397470817,344.070669627278,707.779025035621,-153.109017037607
46.5751661356279,0.335752957498964,344.114909044884,695.791793745657,-164.175840388209
46.6110259477096,0.335430799450738,344.145446546835,688.380762410706,-171.015147799389
46.6346951243057,0.335210956744167,344.167004678296,683.487881276886,-175.529415039307
46.6408849501558,0.33515258877164,344.172816663404,682.581078730282,-176.36421703637
46.647074776006,0.335094089537256,344.178655635608,682.525917985729,-176.409406300136
46.651592060554,0.335051365558525,344.182923447247,682.485658007025,-176.442385057195
46.6561093451021,0.335008634393712,344.187192768204,682.44539670303,-176.475363814254
46.6632487483085,0.33494108532777,344.193943178974,682.381762549485,-176.527485535032
46.7346427803727,0.334264485058455,344.261676526565,681.745225362038,-177.048702742811
46.7918354728161,0.333721054689515,344.316229993594,681.235052363161,-177.466242060859
46.8324085007841,0.33333476462454,344.355091610904,680.87299319193,-177.762448336611
46.8415233255558,0.333247789946629,344.363861886733,680.405822098124,-178.186567638536
46.8489390085328,0.333176709731057,344.371062854298,679.205741023397,-179.2915693078
46.8545532869412,0.333122629570482,344.376569599867,678.297132172818,-180.128145929577
46.8601675653497,0.333068296904141,344.38212869952,677.388478162911,-180.964722551354
46.8696080919056,0.332976364967241,344.391595517623,675.860455169363,-182.371443636294
46.9640133574645,0.332017907433704,344.494834412554,660.573072096374,-196.438654485688
47.0872678295237,0.330659375416882,344.654284446902,640.593759732661,-214.804649606022
47.1200516553805,0.330277771459874,344.70147341239,635.458868644787,-219.519934206033
47.1236578665151,0.330235350371555,344.706775610185,635.502308173182,-219.47505941684
47.1272640776496,0.330192927945161,344.712078992074,635.54574826867,-219.430184627646
47.1308702887842,0.330150513396724,344.717380675463,635.58919001814,-219.385309838453
47.1669324001301,0.329726858219639,344.770273911837,636.023705156999,-218.936561946519
47.2611405764638,0.328624201007614,344.907440087199,637.15964981181,-217.764258968271
47.3151256284399,0.327994996825364,344.985387041085,637.811126204191,-217.092482486914
47.3255332399976,0.327874109496277,345.000311225086,638.553632865358,-216.391807184954
47.3359408515553,0.327753694733118,345.015118057111,639.662038140014,-215.352416680623
47.3463484631129,0.327633837800381,345.029786887084,640.770556321568,-214.313026176291
47.3567560746706,0.327514560447677,345.044312971276,641.87918961848,-213.273635671959
47.4608321902473,0.326353702911551,345.181961554394,652.971782718027,-202.87973062864
47.6341934284233,0.324548796606703,345.381927416667,671.47344694412,-185.566437969617
47.6753904490477,0.32414354578159,345.424140993904,675.874493774847,-181.452161432053
47.7001030219512,0.323904810528843,345.448552206926,678.515304690118,-178.984158713923
47.7163854957408,0.323749300735838,345.464269158903,680.255585581087,-177.35805568825
47.7204463430269,0.323710685252751,345.468154509484,680.255379796043,-177.354318359996
47.7245071903129,0.323671984463999,345.472057387711,679.470153176806,-178.076923767579
47.727575143294,0.323642655808698,345.475024563921,678.876900762718,-178.622849102406
47.730643096275,0.323613236907186,345.47801032503,678.283632299757,-179.168774437234
47.7357798522947,0.323563777488513,345.483051362251,677.290270923942,-180.082831877922
47.7871474124921,0.323055349047957,345.536415397663,667.354158274582,-189.223406284803
47.8774886391327,0.322100085121951,345.643935212446,649.867971927406,-205.29912997002
47.9668854348998,0.32107816137739,345.768492002454,632.549764948362,-221.206797383203
47.9970017211153,0.320716726196027,345.814674285507,626.71210859624,-226.565824636075
48.0028489775861,0.320645652448569,345.823873399786,626.175302238312,-227.054406360789
48.0086962340569,0.320574462180636,345.833104341324,625.94831529646,-227.256454636483
48.0145434905278,0.320503197880729,345.842355192309,625.721314032771,-227.458502912177
48.0203907469986,0.320431870219068,345.851622844205,625.494299713862,-227.660551187871
48.078863311707,0.319715121299871,345.945220172394,623.22343838881,-229.681033944808
48.1788968992097,0.31847424562991,346.109273734333,619.335450337608,-233.137631747075
48.1990224749641,0.318222360028625,346.142879281671,618.557078414273,-233.829071966758
48.2027078994643,0.318176230842668,346.149034274558,619.120917235975,-233.302731043508
48.2063933239645,0.318130192750425,346.155164833444,619.684776278405,-232.776390120259
48.2100787484647,0.318084257354229,346.161267875153,620.248656910872,-232.25004919701
48.2469329934669,0.317630640385247,346.220783131441,625.88865448506,-226.986639964515
48.3439943597777,0.316485722270302,346.36484060182,640.752620667576,-213.124635966644
48.4020466064228,0.31583540517831,346.442403846006,649.649591208845,-204.833793732858
48.4382068606601,0.315443370070894,346.487601625655,655.19396587018,-199.669498113976
48.4443932028946,0.31537718559012,346.495126776089,655.50315440999,-199.376852804263
48.4505795451292,0.315311100482836,346.502629795968,655.718309766723,-199.171102316558
48.4567658873637,0.315245088452428,346.510116331603,655.933478635117,-198.965351828854
48.4665550265093,0.315140770254126,346.521931447126,656.273983653552,-198.639776541058
48.5644464179657,0.314106969700801,346.637960438909,659.680808657281,-195.384023663093
48.6391634536935,0.313329403849207,346.723937035631,662.283278061014,-192.899022678994
48.6892690610996,0.312813538834504,346.78035375324,664.029546377318,-191.232568937891
48.7227219444256,0.312471066062908,346.817591976374,664.644009084228,-190.62954762658
48.7275542469053,0.312421611232938,346.822967739742,664.096028475692,-191.130435655895
48.732386549385,0.312372038691155,346.828369550466,663.548025174396,-191.631323685211
48.7372188518647,0.312322336814778,346.833800021283,662.999997836288,-192.132211714527
48.7855418766616,0.311818168325479,346.889715849103,657.518390159964,-197.141092007683
48.925223850284,0.310287860302627,347.06849958463,641.659414506841,-211.619703144441
49.0037796590935,0.309379600861911,347.180486662359,632.731150820981,-219.762335860683
49.0471535572699,0.308864214908396,347.245800305474,628.415713824136,-223.688739010941
49.0607080221263,0.308701565500761,347.266618493537,627.89980344206,-224.147012422063
49.0718354221107,0.308567748113746,347.283785896965,627.476216125955,-224.523227315221
49.082962822095,0.308433707593854,347.301011875438,627.052583090278,-224.899442208378
49.1047984138216,0.308170030404834,347.334984021334,626.221144005698,-225.637698658222
49.1867639658973,0.307172544390628,347.464540020715,623.098538623105,-228.408935556337
49.2394461219164,0.306525005013982,347.549511099581,621.090203809499,-230.190107413724
49.2725124842696,0.30611600249276,347.603530078502,619.829123746046,-231.308073694912
49.2810111840231,0.30601069340979,347.617464429978,620.031428709553,-231.109792932101
49.2895098837766,0.305905694411145,347.631316404387,621.193238154775,-230.026529127741
49.2959894554219,0.305825936967023,347.64179893864,622.079088489457,-229.200628032898
49.3024690270672,0.305746467476956,347.652205318327,622.964998359661,-228.374726938056
49.3134557858442,0.305612378663217,347.669676833229,624.467282599058,-226.974329411902
49.4233233736136,0.304316829760507,347.832921694807,639.499349329902,-212.970354150371
49.5958828771413,0.30244857460836,348.049458567041,663.141602042496,-190.975523212466
49.6305411174816,0.302097881395261,348.087176973618,667.894730393163,-186.55790423869
49.6399551728381,0.302003911759457,348.097144734334,668.72354173521,-185.784277983
49.6435495230856,0.301968074886138,348.100942525228,668.366324348548,-186.109855144394
49.646528057114,0.301938339963037,348.104097988104,668.070301035542,-186.37965151573
49.6495065911424,0.301908561765172,348.107262823301,667.774269833909,-186.649447887066
49.6554746035763,0.301848764928879,348.113632473664,667.181095833735,-187.190031974203
49.7151547279154,0.301241292105094,348.179422817874,661.247606421897,-192.595872845574
49.8847658309445,0.299420423794275,348.38818292937,644.366852882448,-207.959289781218
50.0485679994629,0.297529290962806,348.621775670183,628.038401993505,-222.796531948549
50.0820707589714,0.297126722574656,348.673455228529,624.974871558067,-225.573948139971
50.0941966819706,0.296980030461567,348.692420609741,624.596884596595,-225.905958002071
50.1063226049698,0.296833081470373,348.711455270809,624.218848459891,-226.23796786417
50.118448527969,0.296685913581433,348.730548219046,623.840767630255,-226.569977726269
50.2397077579609,0.295202418730586,348.924623216753,620.057518884217,-229.890076347262
50.2811425563088,0.294690720677199,348.992216393568,618.903561099002,-230.895874428765
50.2922228511964,0.294553722122827,349.010335864094,619.280529065414,-230.533710717936
50.3033031460841,0.294416902874082,349.028407892214,619.657537439489,-230.171547007107
50.3143834409717,0.294280295648087,349.046423800559,620.03459010743,-229.809383296278
50.4251863898481,0.292926102464927,349.223468664126,623.807569270614,-226.187746187985
50.5365195144228,0.291587080573568,349.395728218792,627.603048952988,-222.548780082567
50.5756222030541,0.291122554807954,349.454741135036,629.468929878619,-220.781535151662
50.6147248916854,0.290662463957901,349.512626356577,632.054795892989,-218.352734107104
50.6514365083,0.290234997280522,349.565839841611,634.483454004984,-216.072450681536
50.6881481249147,0.289812013611235,349.617934185594,636.913007211294,-213.792167255967
50.7208981091854,0.289438612386258,349.663433583636,639.226788591874,-211.624008463858
50.7295310940692,0.289340969551616,349.675234096121,640.460862091551,-210.478571635686
50.7381640789529,0.289243831666746,349.686911715612,641.695036764081,-209.333134807513
50.7467970638366,0.289147221744375,349.698461432611,642.929314943938,-208.187697979341
50.8331269126737,0.288210309846792,349.807138028891,655.277730623715,-196.733329697615
50.8800548159227,0.287723247124002,349.86107127147,661.994400051034,-190.506868123267
50.9101212107962,0.287419423026637,349.893791806695,666.299251853089,-186.517615687135
50.9214776249637,0.287306190059377,349.905817753169,667.483777062727,-185.416968744011
50.9262345232722,0.287258878413511,349.910829732222,667.316859134396,-185.565579145441
50.9301922139558,0.287219499401496,349.915003243374,667.177981279424,-185.689221477709
50.9341499046393,0.287180093941427,349.919182496625,667.039098620387,-185.812863809976
50.9421497120579,0.287100360473799,349.927647897743,666.758355827378,-186.062786031292
51.0221477862431,0.286297140470434,350.013586700532,663.949851020005,-188.56200824445
51.1712999580752,0.284770934736239,350.180157586442,658.708265929324,-193.221675677451
51.2223763048851,0.284240661425394,350.238895720374,657.533891460732,-194.245750199244
51.273452651695,0.283708542759462,350.298053358085,657.096292829141,-194.592496494408
51.3129700986288,0.283296023933367,350.344012083001,656.757584223829,-194.860771912962
51.3524875455626,0.282882944385795,350.390100613994,656.418769939099,-195.129047331516
51.3654930460802,0.282747074044219,350.405251858874,656.820486367218,-194.745871074489
51.3784985465978,0.282611637488844,350.420305546238,657.737041298267,-193.889817760398
51.3911694730518,0.282480223842486,350.434851097996,658.630120613592,-193.055786915612
51.4038403995058,0.282349375557724,350.449270270596,659.523305415373,-192.221756070826
51.4521474497497,0.281855733734912,350.503092023058,662.929477440881,-189.042069875788
51.598671529365,0.280408801228667,350.655556199236,673.270230467165,-179.397502657531
51.6118844686843,0.280281843425951,350.668546868302,673.68095907696,-179.00749268686
51.6250974080037,0.280155190545894,350.681475607566,674.078421839402,-178.629711899595
51.638310347323,0.280028809469652,350.694348688204,674.475932747365,-178.25193111233
51.6770150635995,0.279660133629931,350.731742943199,675.640636113597,-177.145296333159
51.8053702389733,0.278455820600232,350.852038961272,680.004970631447,-173.017566502086
51.9337254143471,0.277282934762842,350.966065429226,685.256607931747,-168.08036402566
51.9811746390295,0.276857298862755,351.006650548036,686.930593748324,-166.501906492315
52.0286238637119,0.276435355686444,351.046523010194,688.298822597928,-165.204619230614
52.0871783438346,0.275919316815771,351.094837875023,689.988065797396,-163.603708326653
52.1457328239572,0.275408326172618,351.142196859009,691.678163775291,-162.002797422692
52.2148240507637,0.274811141139986,351.196998900936,693.330514119024,-160.428363721031
52.2542795534342,0.274472033644869,351.227935683248,693.61528929615,-160.133943116396
52.2853130409159,0.274205853020412,351.252168891452,693.839362020272,-159.902368366871
52.3163465283975,0.273940055021729,351.27633200123,694.063498990284,-159.670793617347
52.3720764172086,0.273463689646847,351.319549511545,694.466164266024,-159.254932040395
52.531934178432,0.272102165421457,351.442627237696,695.201846269517,-158.447425457615
52.5472290822604,0.271972095241409,351.454367665261,694.815492777818,-158.788996793121
52.5625239860889,0.271841771377591,351.466155183297,694.429095361059,-159.130568128627
52.5778188899174,0.271711168276486,351.477994593774,694.042651247697,-159.472139464133
52.730767928202,0.270389705181495,351.599297156456,690.175621880648,-162.887852819193
52.908136721592,0.268820213802045,351.747044425883,685.308118143328,-167.194326138345
52.9648647234403,0.268308707257184,351.796141395371,683.136419409832,-169.133693868634
53.0215927252886,0.267791455907098,351.846373641541,680.96371827706,-171.073061598922
53.0783207271369,0.267268316104258,351.897782169187,678.789992708936,-173.012429329211
53.1220335745024,0.266861341619586,351.938173832606,677.247913907786,-174.38444427564
53.1345186371548,0.266744689297159,351.949794199163,677.319136819976,-174.30751185724
53.1470036998072,0.266628058332579,351.961410492461,677.390365484725,-174.23057943884
53.1594887624596,0.26651147629319,351.973017092492,677.461602914725,-174.153647020441
53.2843393889836,0.265348283605863,352.088562362023,678.10797613246,-173.445204931091
53.3271021676027,0.264950336720961,352.128049369338,677.819822264441,-173.669302805541
53.3698649462217,0.264551983085271,352.167620927001,677.531589991664,-173.893400679991
53.4126277248407,0.264153126234303,352.207296672496,677.243268717339,-174.117498554441
53.730374520066,0.261172540426594,352.505624329235,675.021125661558,-175.852994701106
53.9477547874656,0.259113128221076,352.713954048189,672.9683974913,-177.524376993848
53.9652846498855,0.25894650964759,352.730868425545,673.272402255836,-177.229502547898
53.9828145123054,0.258780114597766,352.747737139199,673.576450283376,-176.934628101948
54.0003443747253,0.258613988341643,352.764550872694,673.88054650657,-176.639753655999
54.1178419594086,0.257507684886109,352.875786809272,675.920083848709,-174.663295749256
54.1436469541767,0.257266012849057,352.89995325211,675.888276674918,-174.668201850594
54.1694519489449,0.257024379845027,352.924112611514,675.833920133398,-174.693733429197
54.195256943713,0.256782721228583,352.948278064997,675.779558439941,-174.7192650078
54.2584886128426,0.256190410216585,353.007528304689,675.646325080416,-174.781826707389
54.3370572704942,0.255454863925372,353.081069216133,675.796513779597,-174.570916216589
54.3862353507477,0.254995788035029,353.126835957808,676.552959081549,-173.833458330631
54.4257672382318,0.254628032317481,353.163369789258,677.161261424102,-173.240651494297
54.4652991257159,0.254261534409545,353.199651460028,677.769783925826,-172.647844657963
54.539311924321,0.253578760372474,353.266902122051,678.909670044706,-171.53797372132
54.7369091404198,0.251775409149193,353.442599750982,681.59715324761,-168.903139912542
54.9345063565185,0.25000009772756,353.612816250786,684.249697928941,-166.304633365432
54.9690602530196,0.249691947609893,353.642132920764,684.175663814145,-166.343957407914
54.9893774884163,0.249510319936072,353.659455954527,683.358338592769,-167.073881659329
55.0049914340896,0.24937025854155,353.672861952003,682.730198625076,-167.634833845225
55.0206053797628,0.249229724819183,353.686360006378,682.102036240444,-168.195786031121
55.0475388270073,0.248986198521465,353.709861225434,681.018428209172,-169.163406671134
55.3168732994514,0.246473979461186,353.960482288832,670.157768301034,-178.858902909011
55.3811673814566,0.245853547091635,354.024505285197,667.557803318035,-181.179276706758
55.4053585682708,0.245618301258918,354.048971150833,666.952604857073,-181.711310363181
55.4246601474435,0.245430545129745,354.068504177982,667.304638743655,-181.372710990501
55.43917364067,0.245289529674742,354.083156649217,667.569347491327,-181.1181069678
55.4536871338965,0.245148714233166,354.097766540316,667.834064494332,-180.863502945099
55.477746196338,0.244915727492973,354.121891121255,668.272905216664,-180.441445072161
55.5599618095335,0.244123784027164,354.203436798586,669.820203211814,-178.95575467976
55.5703956797489,0.244023902411593,354.213654445488,670.525774221006,-178.301723438391
55.5808295499643,0.243924360872898,354.223801258174,671.231358081602,-177.647692197023
55.5912634201797,0.243825182636414,354.233872647007,671.936957195304,-176.993660955654
55.6956021223338,0.242853555001706,354.330503404006,678.993829427322,-170.453348541964
55.8259643934012,0.24169097836387,354.441080797711,687.8131528382,-162.281788400458
55.8438659342191,0.241535629461831,354.455422631505,688.719060133868,-161.438932918181
55.861767475037,0.241380685991994,354.469689143915,688.806898868021,-161.344242700862
55.8746442934114,0.241269349319866,354.479929595728,688.870091349074,-161.276130757725
55.8875211117859,0.241158057536327,354.490161500191,688.933285973357,-161.208018814588
55.9074181800591,0.240986177739929,354.505955025975,689.030937417042,-161.102773252881
56.0058422328351,0.240137596652575,354.583763653846,689.514068980523,-160.58215913136
56.0558341330154,0.239707623918657,354.623084847396,689.759514942897,-160.317726927427
56.0825278498492,0.239478633285458,354.643967930277,690.282011757202,-159.818483286389
56.0907281133852,0.239408553229166,354.650333609054,691.031140379899,-159.126658610519
56.097418005581,0.239351587750969,354.655488409124,691.642299872065,-158.562258151972
56.1041078977768,0.239294825138646,354.660605670495,692.253469826337,-157.997857693425
56.1170234076071,0.239185814346344,354.670379250101,693.433424827606,-156.908225834312
56.2461785059097,0.238137183722924,354.760814894445,705.235205642942,-146.011907243177
56.2969604485722,0.237745553828746,354.792753741255,709.876664037584,-141.727630174751
56.3604066744472,0.23727340082728,354.829841713926,716.082679460363,-136.00339860134
56.3629880949418,0.237254627283391,354.831279479974,716.754156117172,-135.387120921011
56.3655695154363,0.237235935164905,354.832704614819,717.425637696952,-134.770843240682
56.3681509359309,0.237217328246203,354.834116435417,718.097124622342,-134.154565560353
56.3939651408767,0.237035953494343,354.847519008675,724.812294283932,-127.991788757064
56.4891972019079,0.236440601413134,354.886870595111,749.590518128191,-105.256479345641
56.5836617548806,0.23596471105493,354.91192498902,774.177852193129,-82.7044016420622
56.6360434870366,0.235750043236131,354.920646871696,787.816056483646,-70.1990029856014
56.6389739387269,0.235739055129197,354.92103985446,788.395406938588,-69.667558573375
56.6419043904173,0.235728121304924,354.921430546709,788.605692328957,-69.4739242338189
56.6439731337359,0.235720425348793,354.921705030243,788.754144882837,-69.3372286699458
56.6460418770545,0.235712744337219,354.921978350518,788.902598835756,-69.2005331060727
56.6491483170362,0.235701238508229,354.922386496579,789.125520994621,-68.9952700552631
56.6802127168524,0.235588062681437,354.926319021088,791.354920315973,-66.9426395471671
56.7387486840923,0.235384082934323,354.933018683399,795.556757092432,-63.0747807477536
56.7679284256844,0.235286930655836,354.936018658519,797.651778839514,-61.1466820828941
56.786702941735,0.235226016869263,354.937834262817,798.999891097261,-59.9061255407378
56.7992521499524,0.235185986494021,354.938999821146,799.871673612081,-59.1038154999116
56.8007334794419,0.235181289771622,354.93913542346,799.805414941294,-59.1639616113195
56.8022148089315,0.235176589448522,354.939271278323,799.739155936937,-59.2241077227274
56.803696138421,0.235171884454082,354.939407456709,799.672896473284,-59.2842538341353
56.8185094333165,0.235124570239049,354.940787567867,799.010275742133,-59.8857149482142
56.9666423822715,0.234625137476395,354.956522319241,792.381502856112,-65.900326089003
57.0523818615101,0.234314262550393,354.967265990178,788.542671417296,-69.3815882300157
57.1381213407487,0.233987386017128,354.979299898478,784.702337264113,-72.8628503710284
57.2238608199873,0.233644508276361,354.992690136349,780.860526958417,-76.3441125120411
57.235621658271,0.233596227967464,354.994634338821,780.33343425044,-76.8216353688098
57.2398670591585,0.233578745719233,354.99534110058,780.301683931725,-76.8488689160621
57.2416778489032,0.23357129945109,354.995641639615,780.551591090577,-76.6192744472474
57.2434886386479,0.233563873309793,354.995940385751,780.80150001773,-76.3896799784326
57.2452994283927,0.233556469322997,354.996237161386,781.051410948257,-76.1600855096179
57.2634073258401,0.233483657862215,354.999097783075,783.550632113513,-73.8641408214705
57.4444863003139,0.232878141568858,355.018970797972,808.554497674448,-50.9046939399964
57.4749827506097,0.232798084095251,355.020708141235,812.767713299689,-47.0379742798318
57.5072184252734,0.23272033446714,355.022176108225,817.221929087364,-42.9507341003366
57.5176156854327,0.232696763741645,355.022572034213,818.658746873801,-41.6324400077514
57.5197629501683,0.232691980819954,355.022649714818,818.851382517035,-41.4555154258441
57.5219102149038,0.232687207413164,355.022726968945,818.855123037124,-41.4515641278966
57.5235112502671,0.232683650317626,355.022784480973,818.857912270378,-41.448617976153
57.5251122856304,0.232680093410578,355.02284198462,818.860701522992,-41.4456718244094
57.5277309801891,0.2326742759974,355.022936021474,818.865263731804,-41.4408530229531
57.5539179257758,0.232616140133976,355.023874532057,818.910889936847,-41.3926650083904
57.6164801059703,0.232477521506578,355.026103548675,819.019922748068,-41.2775409577335
57.695658102181,0.232302636940268,355.02889802069,819.157972373585,-41.1318412455696
57.7243925785255,0.232239322153301,355.029904804011,819.208088314786,-41.0789653819088
57.7467087007581,0.232190206265537,355.030683990747,819.247016034409,-41.0379002787045
57.7580472453604,0.232165269955975,355.031078979406,819.266796751759,-41.0170356096806
57.7601842953951,0.232160577749044,355.031153057684,819.370327045033,-40.9217075297729
57.7623213454298,0.232155900468943,355.03122642576,819.554148063492,-40.7528525562417
57.7649191481667,0.232150239769867,355.031314426528,819.77760397563,-40.5475920778859
57.7675169509037,0.232144607499518,355.031401085372,820.001062945635,-40.3423315995301
57.772519993094,0.232133841174415,355.031564199938,820.431425591021,-39.9470256670993
57.8225504149966,0.232032009117642,355.032939048231,824.73568463435,-35.9939663427913
57.9745713389251,0.2317876342333,355.034785508896,837.821701293098,-23.9823200689379
58.0624745209908,0.231690993578361,355.034443700775,845.393562955222,-17.0368161078194
58.0842659354789,0.231672014038122,355.034234810116,847.139960385663,-15.4352334178644
58.1018116551833,0.231657932669873,355.03404648752,848.214550392105,-14.4494718611602
58.1117857256641,0.231650360645884,355.03393246174,848.825465710984,-13.8891041242164
58.1217597961449,0.231643086482514,355.033813722333,849.436416861898,-13.3287363872725
58.1355938809597,0.231633491417109,355.033641478677,850.283868722552,-12.5515035799347
58.2739347291077,0.231569253256576,355.031614625619,858.762258494169,-4.7791755065574
58.3066810526373,0.231562477257192,355.031051368599,860.770200266025,-2.93940675368573
58.356268523237,0.231558365787731,355.030182709503,863.811581764449,-0.15346106237493
58.358905084377,0.231558354568528,355.030136022238,863.973317954589,-0.00533259244125531
58.3601029888167,0.23155843146571,355.030114927164,866.174533879521,2.01065669715642
58.3613008932564,0.231558631762856,355.030094186758,868.558862682991,4.1943366653845
58.3624987976962,0.231558969952267,355.030074130791,870.943209267927,6.37801663361263
58.3681737829537,0.231562484316762,355.030004743955,882.239128978377,16.723041842687
58.4249236355292,0.23177082120843,355.044212429473,995.224246977219,120.173293933431
58.4666429441496,0.232124591912015,355.079535593634,1078.32064108672,196.224116939333
58.5041181220749,0.232587379055835,355.14322946098,1152.99535989202,264.538243365705
58.5326716530797,0.233032111283166,355.218832339738,1209.91545988726,316.588950926558
58.557103347116,0.233475893870002,355.306479227641,1258.63635914541,361.125893180209
58.5800236426715,0.233945250267488,355.410930893278,1304.35909895927,402.907681953323
58.5914644946242,0.234198740510437,355.471752787618,1327.18803431656,423.763401658713
58.5974030936251,0.234335362221701,355.505780145223,1339.03949097321,434.588972754154
58.5995982700655,0.234386659188837,355.518758850892,1342.22932053173,437.5
58.6009064553146,0.234417327697531,355.526544308775,1342.23534229341,437.5
58.6019261404398,0.234441242736462,355.532618112143,1342.2400380113,437.5
58.602945825565,0.234465157446277,355.538691809505,1342.24473366458,437.5
58.6047475520239,0.234507412165333,355.54942311717,1342.25303037866,437.5
58.6227648166131,0.234929966206124,355.656742744,1342.33599886457,437.5
58.8029374625053,0.239155886802293,356.730457201939,1343.16575837363,437.5
58.9133709705908,0.241745700592522,357.388681270985,1343.67426831134,437.5
59.0238044786763,0.244335540022805,358.047145241793,1344.18278328348,437.5
59.1342379867619,0.246925404120774,358.705848651844,1344.69130309911,437.5
59.1578831200894,0.247479927469763,358.846915701175,1344.80018375869,437.5
59.1639121497187,0.247621094999103,358.882772075551,1343.55960189438,436.341123922304
59.169941179348,0.247761874352878,358.918431667071,1342.03051161523,434.918753145914
59.1759702089773,0.247902206280225,358.953864928365,1340.50127022515,433.496382369525
59.1844975364543,0.248099901645476,359.003584368175,1338.33808275827,431.484612292128
59.2697708112243,0.250026247943327,359.476020188619,1316.68443792271,411.36691151816
59.3379060147251,0.251499350176938,359.821623412959,1299.08749681649,395.292430505201
59.3884039015747,0.252553246661889,360.060104562188,1286.0513561168,383.37895139819
59.4210703707247,0.253217820837041,360.206604388049,1277.62090240403,375.6722665843
59.4372825911308,0.253542635225615,360.277094028248,1273.43760378488,371.847473882346
59.4421259376093,0.253638857243383,360.297797707166,1270.99141984787,369.61122153328
59.4469692840877,0.253734433474033,360.318223426974,1267.88794690783,366.77413419499
59.4518126305662,0.253829291566092,360.338341826419,1264.78457229378,363.9370468567
59.4566559770447,0.253923413221184,360.358147295073,1261.68129470642,361.09995951841
59.5050894418294,0.254824099020174,360.539862737635,1230.65359240421,332.729086135511
59.5786013464751,0.25605040069876,360.76274969565,1183.57564336028,289.668013628954
59.6309655566027,0.256820435105949,360.885542567094,1150.05042910275,258.994627326188
59.6411755676398,0.256960406591322,360.906179484836,1143.04870325385,252.588001296911
59.6470451534701,0.25703913186666,360.917541663225,1138.03487754937,248.000694531139
59.6516105469262,0.257099390320972,360.926100637624,1134.1351648517,244.432664197271
59.6561759403823,0.257158775063743,360.934411387679,1130.23550755463,240.864633863404
59.6641548425839,0.257260462034528,360.948350881784,1123.42023483067,234.628815338601
59.7439438646006,0.258130655915457,361.05353676533,1055.27442839705,172.270630090577
59.7751614986088,0.258398517313199,361.078157632897,1028.61436719617,147.872850104228
59.7983797465307,0.258571266643525,361.091744510498,1008.78608484662,129.726897585213
59.8242067091662,0.258736892910593,361.102909598738,986.729906596134,109.542134321893
59.8329997091723,0.258786905298516,361.105827655142,979.220630392558,102.670067095023
59.8384822718652,0.258816449297059,361.107450647689,974.538460152131,98.3852337758665
59.8395783476993,0.258822212311906,361.107758573109,973.838389239918,97.7444974369575
59.8406744235333,0.258827943225066,361.108062945889,973.349574743585,97.297021694794
59.8420629521075,0.258835164096631,361.108444134116,972.730334892064,96.7301513789442
59.8434514806817,0.258842342515463,361.108820548386,972.111094143358,96.1632810630944
59.8458259713749,0.258854520611045,361.109453342959,971.052142748782,95.1938892088185
59.8695708783072,0.258969515796357,361.115070963879,960.462469716796,85.4999706660592
59.9401661830351,0.259238531967571,361.125563683807,928.976358800277,56.6792582712598
59.9690470363988,0.259317152868594,361.12737634562,916.093976275806,44.8885765578149
60.0566022891273,0.259443949776629,361.129084563248,877.033575439801,9.14392233095391
60.0721037287701,0.259448918559534,361.128779982677,870.116886565606,2.81542023906339
60.0849632965747,0.259449730407483,361.12852444668,866.17726364647,-0.789045940300812
60.0879654181539,0.259449570495913,361.128465703131,865.743076618854,-1.18627787647183
60.0909675397331,0.259449344981331,361.128407447585,865.308884550944,-1.58350981264285
60.0939696613122,0.259449056962542,361.128349429841,864.874687665029,-1.98074174881386
60.1239908771039,0.259442656878707,361.127785544055,860.532444344721,-5.95306111052405
60.4242030350212,0.259026685223658,361.133551960121,817.079611575887,-45.6762547276258
60.5017961638014,0.258815398832797,361.138362408196,805.838717704764,-55.9431503099964
60.518471351111,0.258764410068346,361.139719161759,803.422393418034,-58.1495622644516
60.519850535435,0.258760098431001,361.139838613431,803.07718510495,-58.4650156382043
60.521229719759,0.258755760773117,361.139960042939,802.641633788056,-58.863112405707
60.5230015190643,0.258750145895749,361.140119022452,802.082088588659,-59.3745361246651
60.5247733183697,0.258744482584784,361.140281372773,801.522538054808,-59.8859598436231
60.5281771626586,0.258733466215551,361.140602834629,800.447557620288,-60.8684676817031
60.5622156055476,0.258613442348574,361.144579365071,789.696642914804,-70.693546062503
60.6896313013864,0.258005007415683,361.175763774093,749.433508389881,-107.471644362752
60.766367622,0.257518054276698,361.208390124763,725.468358705054,-129.347249558489
60.7780386529156,0.257436233013655,361.214378120487,722.251408915712,-132.281902705618
60.7897096838313,0.25735255535069,361.220668010872,719.03417851294,-135.216555852748
60.8013807147469,0.257267040706773,361.227253248036,715.81666637465,-138.151208999877
60.9180910239031,0.25631094026248,361.311253526454,683.625380734347,-167.497740471171
60.9202696336011,0.256291373567721,361.313119799909,683.434269304008,-167.670561293635
60.9224482432991,0.256271801196448,361.314988823864,683.536751396678,-167.574916631318
60.9255052972953,0.256244351789606,361.317609220625,683.680558428438,-167.440706773802
60.9285623512915,0.25621692329537,361.320225775101,683.824369121937,-167.306496916286
60.9333400137827,0.256174101830329,361.324306307973,684.049128738166,-167.09674942638
60.9811166386952,0.255748843658097,361.364540149945,686.297231058769,-164.999274527317
61.0778822675927,0.254903997636394,361.442897678031,690.853281723355,-160.751099230787
61.0828888125176,0.254860815106635,361.446850969013,690.607425103918,-160.971642035015
61.0878953574424,0.254817564771354,361.450817124752,690.223112259681,-161.318748088313
61.0929019023673,0.254774225843258,361.454800009279,689.838784224481,-161.665854141611
61.0994439781867,0.254717453755576,361.460031084,689.336557257673,-162.119419255306
61.1648647363812,0.254140975310075,361.514025614807,684.312803421027,-166.655070392256
61.2602137895336,0.253272287906562,361.598317150739,676.98592064271,-173.265663929742
61.3556179256278,0.252367964631535,361.689782119481,669.179135464601,-180.309191640369
61.4510220617219,0.251425725310579,361.789255517339,660.611664682717,-188.0416185397
61.4747218520542,0.251185650707076,361.815256809712,658.482273817426,-189.96246708753
61.4800491802306,0.251131393073127,361.821166401561,658.317477516643,-190.107455063293
61.4830650171514,0.251100716884258,361.824503275927,658.948817981047,-189.527523868261
61.4854874612754,0.2510761352403,361.827170639825,659.455948074751,-189.061699305265
61.4879099053993,0.251051614161525,361.829824655672,659.963089316352,-188.59587474227
61.4924404529725,0.251005917367478,361.834752399301,660.911594213334,-187.724671843297
61.5377459287043,0.250560581246455,361.881549079927,670.398759326884,-179.012642853568
61.6210930258493,0.249796589723397,361.956419004919,687.863036018073,-162.985389749841
61.6656794146019,0.249417298788703,361.990706563502,697.21045090867,-154.41163778972
61.6790933035068,0.249307191898899,362.000277756774,700.007734710554,-151.846014436221
61.6817576033314,0.249285508460467,362.002145911658,700.134845074705,-151.727861629458
61.684421903156,0.249263847437141,362.004010306153,700.26195693188,-151.609708822695
61.6870862029806,0.249242203829526,362.005871679566,700.389069768919,-151.491556015932
61.7137292012265,0.249026688136836,362.02432253464,701.66024838366,-150.310027948302
61.980159183686,0.246964219418319,362.193231798114,714.377318698197,-138.494747272005
62.0000761727583,0.246816732728284,362.204720298266,715.156128697729,-137.768900871011
62.0029866864793,0.246795210071435,362.20639452827,714.82926475548,-138.065533412343
62.0058972002002,0.246773646739136,362.208075385535,714.502398569086,-138.362165953675
62.0088077139212,0.246752037526002,362.209763665153,714.175529598073,-138.658798495007
62.0379128511309,0.246533392824241,362.227063652994,710.906685116756,-141.625123908327
62.1506180224711,0.245643059519024,362.301536518606,698.246046970673,-153.111763244543
62.2218866765467,0.245044253017404,362.354914269332,690.23818512499,-160.375292642618
62.2627363728518,0.244688518214454,362.387810551774,685.647607625262,-164.538595203375
62.2802917554582,0.244532909649236,362.402465631672,683.813097483595,-166.201239449295
62.2852227428534,0.244488987235199,362.406623483934,683.787406505276,-166.220686860009
62.2901537302486,0.244445048478014,362.410784589658,683.761714154606,-166.240134270724
62.2950847176438,0.244401103660985,362.414946876592,683.736021465757,-166.259581681438
62.3443945915959,0.243961387650031,362.456619612785,683.479082569067,-166.454055788581
62.4971785955867,0.242595691963822,362.586352882155,682.682816146426,-167.056623395847
62.5709695255311,0.24193523938668,362.64916609252,682.72292943991,-166.959285864971
62.5884880912426,0.241778720411967,362.664023339129,683.253207182302,-166.459970719368
62.6060066569541,0.241622633327057,362.678796389184,683.783503572873,-165.960655573765
62.6235252226656,0.241467013669562,362.693478596829,684.313822292203,-165.461340428163
62.7987108797803,0.239936649051013,362.835381063667,689.618274534863,-160.468188972135
62.8839553712106,0.239208941129176,362.901214176527,692.20024576477,-158.038545681045
62.9414864762683,0.23872409107329,362.944479030899,693.943129808628,-156.398790887663
62.9796456033296,0.238405290369883,362.972664049187,695.099292978186,-155.311177301114
62.996460515851,0.238265516238613,362.984955257458,695.608796466241,-154.831917718325
63.0009025503529,0.238228609495522,362.988199005331,695.327101485215,-155.086203338404
63.0053445848548,0.238191622410527,362.991457270268,694.824606348421,-155.542510718795
63.0097866193566,0.238154532390266,362.994734174257,694.322106049332,-155.998818099186
63.0142286538585,0.238117333745094,362.998030798361,693.819600029341,-156.455125479577
63.0586489988774,0.23773936558147,363.032103712226,688.794229626061,-161.018199283487
63.1762502150692,0.23668624384155,363.132439080374,675.487171755192,-173.098767966262
63.3172911687762,0.235322777825354,363.273216333417,659.523376496971,-187.587180446309
63.3250102969982,0.235245131773871,363.281541432344,659.255368981826,-187.825599199146
63.3327294252201,0.235167403305561,363.289887621458,659.159596408598,-187.906356171884
63.3404485534421,0.235089632615496,363.298243992362,659.06382172732,-187.987113144623
63.3502917628982,0.234990414146448,363.308910267484,658.941690895187,-188.090092104791
63.4487238574593,0.233995257720461,363.416212133024,657.720272862441,-189.119881706477
63.5407664862592,0.23305978406968,363.517617358549,656.577958592903,-190.082825169913
63.5698407849282,0.232763682470953,363.549779116161,656.662618714446,-189.97906312343
63.5989150835971,0.232468320774918,363.581775788151,657.496597779098,-189.189179735568
63.6215364546025,0.232239268394956,363.60650350002,658.145500457614,-188.574607897696
63.6441578256078,0.232010963887745,363.631066036543,658.794431091568,-187.960036059825
63.6839333523064,0.231611351019921,363.673855096398,659.935525392977,-186.879424343601
63.7848859013107,0.230607465203987,363.780203847311,662.832084164393,-184.136770347756
63.8116737681486,0.23034317027815,363.807968819065,663.084347709375,-183.882035115059
63.8384616349866,0.230078854785417,363.835736935806,662.761524049103,-184.154089173873
63.8626035292947,0.229840389816591,363.860816350474,662.470581730139,-184.399271083046
63.8867454236028,0.229601607976114,363.885962725949,662.179627026585,-184.644452992218
63.9445510161124,0.22902856270813,363.946449537027,661.482910519004,-185.231519000853
63.9647657142943,0.228828093765563,363.967616309128,661.840044133514,-184.88638985048
63.9763068215232,0.228714060581598,363.979610529434,662.90349446129,-183.901821901293
63.9850470072667,0.228628068668621,363.988615285796,663.708867250403,-183.156199615469
63.9937871930101,0.22854242791127,363.997545067861,664.51425410294,-182.410577329645
64.0084336159022,0.228399702710788,364.012342000588,665.863918268278,-181.161095952877
64.0787760468966,0.227727906007486,364.08056903257,672.346522215495,-175.160206986906
64.1251895793013,0.227296343799846,364.123177279415,676.115570613285,-171.666949935258
64.1331362250338,0.227223219578871,364.130316502817,676.194810243835,-171.587651098558
64.1410828707662,0.227150146487589,364.137445727813,676.274053132962,-171.508352261858
64.1490295164987,0.227077107686449,364.144568134595,676.353297603134,-171.429053425159
64.2284959738231,0.226348558143317,364.215420712631,677.145824804774,-170.636065058162
64.3781735156767,0.224984284473727,364.347271281238,678.36825876368,-169.390529068828
64.426124174685,0.224548585396284,364.389234874232,678.169853729645,-169.53245779598
64.4659592666025,0.224186464109418,364.424125865575,678.005026975212,-169.650365328613
64.5057943585201,0.223824090711334,364.459064306822,677.8401885596,-169.768272861247
64.58603881328,0.223094093605772,364.529443118904,677.82659547309,-169.713800069481
64.66628326804,0.222365680329194,364.599500827026,678.439655966603,-169.084768426384
64.7301195420097,0.221787916876043,364.654891561582,678.927426464446,-168.584359564182
64.7939558159795,0.221211869060733,364.709940353729,679.415277232261,-168.083950701981
64.8652141553868,0.220569800307666,364.771195940271,679.443782930002,-167.998747971246
64.9364724947941,0.219926381722681,364.832708493119,678.585475692669,-168.726973830693
64.9873957899309,0.2194651376124,364.876944791468,677.972051363006,-169.247385345687
65.0383190850677,0.219002459734944,364.921459314256,677.358559832814,-169.767796860681
65.0847047886683,0.218580072937374,364.962188562384,677.03119581192,-170.029425441551
65.1005733872349,0.218435663449001,364.976103701433,677.483931883052,-169.600746704178
65.1164419858015,0.218291577187965,364.989954829104,677.936680661841,-169.172067966806
65.1323105843681,0.218147852495528,365.003734544186,678.389446054479,-168.743389229433
65.2909965700341,0.216730714786771,365.137626845791,682.918052455289,-164.456601855708
65.324411766479,0.216436710857319,365.164962687273,683.633697236553,-163.772517996399
65.3387757294717,0.216310502919113,365.176679785068,683.411577141338,-163.964705577661
65.3531396924643,0.21618418249482,365.188418126595,683.189453394838,-164.156893158922
65.367503655457,0.216057716660901,365.200183952483,682.967322686785,-164.349080740183
65.5111432853838,0.214784873714459,365.319398880538,680.745616836396,-166.270956552797
65.6089293398837,0.213909897697044,365.402171320689,679.232733735567,-167.579318688304
65.6411896261835,0.213619599767809,365.429793052751,678.59513821019,-168.138042656557
65.6497478353451,0.213542305509991,365.437175585348,677.921752556515,-168.749270465941
65.6583060445066,0.21346475093565,365.44460904575,677.248355847409,-169.360498275325
65.6668642536681,0.213386917612298,365.452097211346,676.574946316016,-169.971726084709
65.7524463452831,0.212593135378213,365.5300816457,669.840151956344,-176.084004178548
65.9113462493108,0.211043220335763,365.690728329259,656.960602941953,-187.77415229146
65.9869206377266,0.210270822885289,365.77463682237,650.622067370528,-193.528425400597
66.0080915899198,0.210050576473357,365.798993690143,649.300469362285,-194.723143417908
66.029262542113,0.209829296832891,365.823584458547,648.582246708937,-195.363491409987
66.0503678057541,0.209607910140571,365.848278534188,647.86622123247,-196.001852550835
66.0714730693953,0.20938579679446,365.873137105155,647.150171038219,-196.640213691684
66.1300099319373,0.208765986574618,365.942940828712,645.164034037188,-198.410751079392
66.1584033586226,0.208463348244489,365.977255133143,644.200589135408,-199.269553914534
66.1653108316244,0.208389654858953,365.985618445192,644.598055816947,-198.897846837626
66.1722183046262,0.208316089830764,365.993952065712,645.055261568254,-198.47124518916
66.179125777628,0.208242678584067,366.002250183517,645.51247204841,-198.044643540695
66.1918316622767,0.208108057728276,366.017418629643,646.35349717203,-197.259935249407
66.3188905087635,0.206791262372959,366.162503482253,654.764754217221,-189.412852336532
66.3546083183022,0.206430717416492,366.201129308384,657.129607505816,-187.206940503817
66.3660891758254,0.206315519146214,366.213392712616,657.286599892812,-187.052332607676
66.3775700333485,0.206200323382789,366.225655579212,657.06993984662,-187.241197497447
66.3890508908717,0.206085035954573,366.237938211129,656.853277795163,-187.430062387218
66.4005317483949,0.205969632704086,366.250245793993,656.636611399432,-187.618927276989
66.5153403236269,0.204809181234109,366.374711521652,654.469706076631,-189.507576174699
66.5941804336957,0.204005551380303,366.461646362894,652.981423744423,-190.804528834166
66.6263484459983,0.203676082297003,366.497460974284,652.374123868221,-191.333706039388
66.6398665560416,0.203537290863754,366.51258563609,651.956851398294,-191.705104155808
66.6431868270907,0.203503106614839,366.51632153029,651.273261720786,-192.330703084238
66.6465070981397,0.20346881999766,366.520080236709,650.589668969785,-192.956302012668
66.6498273691888,0.203434422774411,366.523863661193,649.906072383148,-193.581900941097
66.6830300796793,0.203084314651295,366.563098097089,643.069897798107,-199.837890225395
66.7522621263843,0.20231848133511,366.653382847796,628.814468351376,-212.882456043014
66.8343390318126,0.201347848283257,366.776008909998,611.912599098301,-228.347224830349
66.8415048457316,0.201260001504689,366.787494378134,611.025732635617,-229.155729639206
66.8486706596506,0.201172055528544,366.799009070156,611.234538921992,-228.95631712233
66.8539211943927,0.201107631019003,366.807442827148,611.387533301796,-228.810203595001
66.8591717291349,0.201043248996638,366.815865344788,611.540528545995,-228.664090067672
66.8675195443388,0.200940976332559,366.829232728003,611.783777245785,-228.431784448373
66.9509976963777,0.199923946951542,366.961394033996,614.216368356163,-226.108728255382
66.9947863738758,0.199394644351213,367.029611678384,615.492472119797,-224.890163206202
67.0064462313095,0.199254387813905,367.047596871247,616.417783166558,-224.026937095588
67.0181060887431,0.199114750960873,367.065421035929,617.67441787039,-222.858845454898
67.0297659461768,0.198975821606851,367.083062189194,618.931065733391,-221.690753814207
67.0414258036105,0.198837622081699,367.100515490527,620.187729202029,-220.522662173517
67.1580243779472,0.197495804795051,367.265067212963,632.755314978847,-208.841745766615
67.3483013893467,0.195462892598715,367.496549394357,653.268836625673,-189.779678524744
67.3595073290982,0.195349198578222,367.508760685803,654.377641642526,-188.748665334628
67.3625473496126,0.195318412395259,367.512062647159,654.109247214761,-188.993028463314
67.3655873701271,0.19528759464347,367.515371880951,653.840852115036,-189.237391592
67.3686273906415,0.195256737805997,367.518689761158,653.572455618874,-189.481754720685
67.399027595786,0.19494596808217,367.55235312848,650.888409871408,-191.925386007541
67.5135204689142,0.193739801689009,367.687238143036,640.778556230326,-201.128559656154
67.581997267925,0.192991430433305,367.774112142107,634.731118908725,-206.632866212357
67.608373146999,0.192698294063988,367.808719857448,633.056859566174,-208.149536500404
67.634749026073,0.192403856029448,367.843639105932,632.571090590812,-208.571508945467
67.6498997920739,0.192234344740388,367.863788620395,632.292038495985,-208.813897294157
67.6650505580749,0.192064647371857,367.883982661686,632.012981992229,-209.056285642848
67.6862427511289,0.191826962693798,367.91230562094,631.62264254636,-209.395327291249
67.7724314780186,0.190856331737168,368.028447095118,630.035023249141,-210.774210918996
67.8363223671867,0.190132717568513,368.115526752605,628.858028028158,-211.796364328325
67.844629719741,0.190038507484741,368.126878307185,629.250473508212,-211.42665725815
67.8529370722954,0.189944503290731,368.138179380729,629.902366037726,-210.817895780161
67.8612444248498,0.189850757227549,368.149417335006,630.554264563403,-210.209134302172
67.8695517774042,0.189757282293458,368.160589170807,631.206170377676,-209.600372824183
67.952625302948,0.188837455570436,368.268738208062,637.725647672979,-203.512758044293
68.0103718335565,0.188214037099014,368.340126078983,642.257978847488,-199.281101437467
68.0370809134209,0.1879301228954,368.372111375685,644.354425354373,-197.323864299944
68.0439848446902,0.187857077790849,368.380300102694,644.344418989072,-197.326649205502
68.0508887759596,0.187784006988115,368.388494722984,644.121934625787,-197.525277086513
68.057792707229,0.187710871805096,368.396703996547,643.899448715991,-197.723904967524
68.0661237466389,0.187622520524726,368.406632571887,643.630969598226,-197.963591117349
68.149434140738,0.186733104686108,368.507269969969,640.945986391131,-200.3604526156
68.3217856321658,0.184858577440672,368.723482294018,635.285626595415,-205.41549442329
68.3385854790847,0.184673063894395,368.745208581033,634.113217967472,-206.480479750285
68.3553853260035,0.184486640340395,368.767151923689,632.940786491561,-207.54546507728
68.3721851729224,0.184299262060295,368.789323780717,631.7683284329,-208.610450404275
68.4311558240409,0.183633923513138,368.868994208728,627.652570283559,-212.348751024989
68.468016824492,0.183212034645531,368.920256945454,625.079761642674,-214.685464258655
68.4825512856949,0.183044637260568,368.94072642213,624.587308792079,-215.125343474059
68.4906993802715,0.182950837474269,368.952190551879,625.216332524763,-214.537120830077
68.4970575652975,0.182877791527181,368.961099390143,625.70717891046,-214.078114325946
68.5034157503236,0.182804902892545,368.969969203291,626.198029292635,-213.619107821814
68.5146617056715,0.182676368768556,368.985561932185,627.066224419226,-212.807246161808
68.6271212591507,0.181417925852611,369.134996778999,635.748895106152,-204.688629561749
68.6527486883688,0.181137643435968,369.16747755041,637.245364974818,-203.283535916111
68.6783761175869,0.180859033511458,369.199563648527,638.325174124597,-202.262907186056
68.7102178648835,0.180514881700182,369.238957288618,639.666888967833,-200.994789271088
68.7420596121801,0.18017290506313,369.277843653972,641.008672489764,-199.72667135612
68.7994198032625,0.179562314090306,369.34663511294,643.425954908432,-197.442265125517
68.9390812361418,0.17810499842545,369.507477323188,649.312571558414,-191.880159396373
69.0229473602783,0.177249892172904,369.599576255212,652.848165854747,-188.540137459579
69.0505401692607,0.176971335652631,369.629261614925,653.400681701855,-188.005117069733
69.0781329782432,0.176692957822044,369.658907102845,653.103561390289,-188.254467847386
69.098755197454,0.176484767215271,369.681092612773,652.881501665568,-188.440826778816
69.1193774166648,0.176276365819873,369.70332322796,652.65943380536,-188.627185710247
69.1532548188021,0.175933552800688,369.739941084855,652.294611361244,-188.93332911787
69.1906152547333,0.175554843190408,369.78046315803,651.892255999048,-189.270948015562
69.203052059777,0.175428775567842,369.793951832945,652.1662633126,-189.006652530393
69.2154888648207,0.175303170905398,369.807339436258,653.284415559825,-187.962900851747
69.2247265977584,0.175210280548006,369.817195204784,654.114962253635,-187.187629451516
69.2339643306961,0.175117775623212,369.826967512873,654.94552361875,-186.412358051284
69.2489529509858,0.174968503937104,369.842646664579,656.293176997968,-185.15444675228
69.327296357056,0.174204729183556,369.921141349858,663.33782331721,-178.579521656199
69.3612643805122,0.173881975884782,369.953415813736,666.207796504963,-175.899429608401
69.3732383644818,0.173769161855777,369.964595481556,666.606900901941,-175.52049370289
69.3830602760084,0.173676835705186,369.973722915099,666.934285536521,-175.209663577537
69.3928821875351,0.173584673325953,369.982817177,667.261677307637,-174.898833452185
69.412087011161,0.1734049369262,370.0005042552,667.901848075965,-174.291066041656
69.6041352474203,0.171641999087272,370.170554341631,674.305100191076,-168.213391936364
69.7055622266774,0.170736157392193,370.255398394243,677.688037197929,-165.003572687741
69.7523446151375,0.170324226711883,370.293397986629,679.248673053389,-163.523069057686
69.764562613671,0.17021711223009,370.303232970415,679.260866147571,-163.501805346211
69.7767806122045,0.170109911908267,370.313084119645,678.932308910748,-163.795423206055
69.792350997289,0.169973044791174,370.325685865477,678.513590758361,-164.169604225386
69.8079213823735,0.169835870194753,370.338345548569,678.094857855766,-164.543785244717
69.8349417000786,0.169597076714953,370.360455591717,677.368166577301,-165.19312628328
69.9910099852898,0.168199401813119,370.49169208393,673.169945743208,-168.943694411732
70.0525611614262,0.167640165677835,370.544986813187,671.851975365453,-170.110318978517
70.0872819449858,0.167323632965382,370.575256303209,671.783372429647,-170.14449525757
70.1149270138959,0.167071463859171,370.599383964804,671.728738254962,-170.171706786016
70.1425720828059,0.166819256142751,370.623518172943,671.67410239953,-170.198918314462
70.1934419336528,0.166355073826272,370.667943153129,671.573563000683,-170.248990404999
70.2125988285938,0.166180533280997,370.684620254018,672.05707676573,-169.785787775425
70.2317557235347,0.166006540615656,370.701189700151,672.753697501993,-169.12555961266
70.2509126184757,0.16583320081224,370.717631363516,673.450347203685,-168.465331449894
70.2700695134166,0.165660539442014,370.733940745114,674.147028640989,-167.805103287129
70.3466069286538,0.164977482497116,370.797795655943,676.930796896046,-165.167298089544
70.3682152333336,0.16478631521374,370.815499878855,677.27304832848,-164.832965363512
70.3898235380135,0.164595199350754,370.833193678396,677.018543358417,-165.050532567613
70.4093903720344,0.164421986789363,370.849244376031,676.788079067399,-165.247544847571
70.4289572060553,0.164248568627917,370.865333743733,676.557604904993,-165.44455712753
70.4740097865537,0.163848477102688,370.902529588115,676.026899856532,-165.898177350023
70.8078089514391,0.160850037061673,371.184622814665,672.093231380294,-169.259095853867
70.8908843582806,0.160095595966253,371.256385695419,671.587159107817,-169.657574000343
70.9739597651221,0.159339891231667,371.328385379031,671.36552851827,-169.792752843768
71.0570351719636,0.158584336482417,371.400346011599,671.502867512412,-169.595687211892
71.1015475952865,0.158180686486127,371.43866867936,672.270051409427,-168.848107856828
71.1363915867257,0.15786583980213,371.468446202518,672.870643413605,-168.262908339402
71.1712355781649,0.157552091966272,371.498009101185,673.471287195463,-167.677708821977
71.2124981466071,0.157181456492357,371.532840146882,673.761828765331,-167.374278476661
71.2537607150494,0.156810519881151,371.567726882831,673.186883576327,-167.872153374336
71.2832942183735,0.156544497699953,371.59279712087,672.775352331757,-168.22850516
71.3128277216976,0.156277904813013,371.617976668146,672.363793993698,-168.584856945665
71.3581666539656,0.155867526679513,371.656845273297,671.731929471534,-169.131917323043
71.5463932601249,0.15414959876147,371.820965298579,669.108058715176,-171.403062959855
71.613491997961,0.153532265438634,371.880423961852,668.48533092376,-171.92289604274
71.6525041214623,0.15317317747732,371.915022762675,668.783485064701,-171.613531925596
71.6837389044711,0.152886035340983,371.942651586264,669.022210494898,-171.365841715413
71.71497368748,0.152599309497337,371.970196911944,669.260954894382,-171.11815150523
71.7730397190594,0.152067396290545,372.021180956685,669.704836574385,-170.657690884698
71.8281124348824,0.151563551673544,372.069404694103,669.710067667987,-170.606223334721
71.8831851507053,0.151059365956102,372.117690981634,669.344539216816,-170.898298331122
71.9547166082529,0.150403341279561,372.180629535515,668.86972483873,-171.277661322279
72.0262480658006,0.149745887933327,372.24384203722,668.394847001658,-171.657024313437
72.1443312701115,0.148657370854916,372.348808413743,667.61077911152,-172.283271829267
72.3001145786413,0.147215249052645,372.488459908098,666.576110492859,-173.109459690138
72.4190749761747,0.146110263979728,372.595820272697,666.042106981692,-173.502752846735
72.4710025222881,0.145627911010712,372.642680292966,666.359916592749,-173.163535545877
72.5229300684015,0.145146368379674,372.689375032334,666.677754919194,-172.824318245019
72.5748576145149,0.144665760573036,372.735880031304,666.995634486446,-172.485100944161
72.5994051101447,0.144438923517788,372.757791581299,667.181620598481,-172.291630221266
72.6056510410074,0.14438134733584,372.763338812481,667.770261748517,-171.740282854328
72.6118969718701,0.144323939281902,372.768852820088,668.358909599333,-171.188935487391
72.6181429027329,0.144266714261973,372.774330763757,668.947565683547,-170.637588120453
72.6806022113602,0.143704639565833,372.827147704112,674.834600873414,-165.124114451076
72.9279249355041,0.141661066683105,373.003879077092,698.264433638497,-143.190683600165
72.9619860195379,0.141402782127587,373.024074803642,701.894828511469,-139.796644931349
72.9960471035717,0.14115063374362,373.043295628307,705.525591283557,-136.402606262532
73.0301081876056,0.140904677985381,373.061550349739,709.156737842636,-133.008567593715
73.1169788431612,0.140305452029659,373.103928994302,718.419558751334,-124.352285138098
73.1673726278176,0.139976316987106,373.125823256343,723.794174763567,-119.330763990331
73.1942127263292,0.139806554159443,373.136713085895,726.657120859282,-116.656265077362
73.2029956541347,0.139751756981997,373.140174285743,727.284887671753,-116.068031666947
73.2117785819403,0.139697153137961,373.143609883269,727.542293127668,-115.823595343694
73.2192151823587,0.139651025305598,373.146504808622,727.760249305661,-115.616628452469
73.2266517827771,0.139604979759862,373.149388801121,727.978211392203,-115.409661561245
73.2420615391897,0.13950982664915,373.155330345986,728.429880327053,-114.980794982457
73.3961591033155,0.138577791207551,373.212218855966,732.947989684603,-110.692129194583
73.4372735469557,0.138335094230637,373.226622157755,734.153897315347,-109.54787938877
73.4783879905959,0.138094920414213,373.240707439051,735.359993695434,-108.403629582957
73.4810500625987,0.138079483412542,373.241605181881,735.774798077261,-108.016923812705
73.4837121346014,0.138064105124003,373.242495660533,736.290123352459,-107.536891532803
73.4863742066042,0.138048793557821,373.243377904254,736.805453620999,-107.0568592529
73.4897090531506,0.138029709186256,373.244471218206,737.451028559263,-106.455510382881
73.5230575186146,0.137844781128363,373.254703776809,743.907234258573,-100.442021682685
73.856542173254,0.136586760900326,373.311409014526,808.521151350693,-40.3071346807261
73.9121541921311,0.136481549451129,373.312192853476,819.306627356225,-30.2790196697449
73.9207017053941,0.136468012737809,373.312213123309,820.900320955021,-28.7974379602684
73.9245098774247,0.136462188713633,373.31222009798,821.495106653794,-28.2444044709465
73.9276356325949,0.136457494507566,373.312223862086,821.983317730746,-27.7904734839301
73.9307613877652,0.136452876336202,373.31222534485,822.471537453055,-27.3365424969137
73.936887532786,0.136444045580467,373.312221398004,823.428420884064,-26.4468864283998
73.998148982994,0.136371807559944,373.311784054425,832.999113086717,-17.5503257432599
74.060325402793,0.136328360875726,373.31075515237,842.716290851663,-8.52089059197205
74.1050896417261,0.136315713763862,373.309792608489,849.71450589691,-2.020101484953
74.1293961389527,0.136314200969055,373.309236706799,851.889482576339,0
74.1395981745882,0.136314173760813,373.309002314156,851.889479122706,0
74.1498002102236,0.136314182016715,373.308768418948,851.889480170655,0
74.1646583227402,0.136314189633965,373.308428029623,851.889481137538,0
74.3132394479058,0.136314161066588,373.305021496301,851.889477511386,0
74.5325254019792,0.136314161787814,373.299998722093,851.889477602933,0
74.5465749748119,0.136314163328386,373.299677088944,851.889477798483,0
74.5562252589187,0.136314163554587,373.299456113718,851.889477827196,0
74.5616833629712,0.136314476358893,373.299331444189,853.808166149452,1.781868974431
74.5638952557977,0.136314778529391,373.29928129605,855.389744377252,3.25066139824425
74.5661071486242,0.136315248912436,373.299231788663,856.971344223633,4.71945382205749
74.5690229279738,0.136316136220543,373.299168063228,859.056288173556,6.65565731565915
74.5981807214699,0.136341664460652,373.298863503467,879.907940507457,26.0176922516759
74.8774611167651,0.138119286181475,373.52149068541,1079.8840972219,211.47194383557
74.9325617862746,0.13879688091741,373.609226510076,1118.76377662321,247.465748400405
74.9568084556671,0.139128203821898,373.656878553245,1135.01607224883,262.502050876425
74.9810551250596,0.139479164225465,373.710696381943,1151.27330620012,277.538353352445
75.0053017944521,0.139849672465904,373.770836375825,1167.53560348474,292.574655828465
75.1311051865186,0.142085753360948,374.202635727968,1251.99887785046,370.590230875054
75.1832310685627,0.143166411660081,374.4422155611,1287.04137222703,402.915517146624
75.2276057473259,0.144157546599165,374.678806634113,1316.89562092265,430.433980872864
75.2388526719696,0.144419150869007,374.743741732376,1324.46570568267,437.408636159799
75.2411120022781,0.144472115075205,374.756996210009,1324.57459979502,437.5
75.2433713325865,0.144525099570724,374.770262619603,1324.58500330071,437.5
75.2456306628949,0.144578086759304,374.78353097537,1324.59540733519,437.5
75.250207806749,0.144685430778745,374.8104105254,1324.61648433341,437.5
75.2959792452898,0.145758856494819,375.079215882532,1324.82725147276,437.5
75.3442909904789,0.14689186066276,375.362989368865,1325.04971684113,437.5
75.3926027356681,0.148024864261151,375.646806662795,1325.27218209768,437.5
75.431823601574,0.148944668625148,375.877249207487,1325.45278568455,437.5
75.4389777255616,0.149112446473427,375.919286359822,1325.48572886506,437.5
75.4407452354765,0.149153824831006,375.929635539772,1324.10627420912,436.2137741119
75.4425127453914,0.14919509257685,375.939929317193,1322.7090712102,434.911132124291
75.4442802553063,0.149236238276484,375.950162112881,1321.31182726395,433.608490136682
75.4505879712537,0.149382065489284,375.986179424333,1316.32514466531,428.959749232947
75.5136651307278,0.150753857390657,376.306275552556,1266.43026150976,382.472340195602
75.5865927882616,0.152143979329055,376.591736906277,1208.68319438149,328.725185533447
75.6386885920017,0.15300835895582,376.745419602517,1167.39485644803,290.330956024905
75.679523227985,0.15361093202044,376.840295489208,1135.01154288534,260.236125476537
75.7189906353119,0.154130725490017,376.913225775279,1103.69677865715,231.148932531497
75.7205335305108,0.154149827937677,376.915722118689,1103.17044533468,230.658507662092
75.7220764257098,0.154168884673249,376.918210422555,1102.64836490357,230.172031807672
75.7236193209087,0.154187900607332,376.92068921326,1102.12627486456,229.685555953252
75.7307889603424,0.154275739562063,376.932068554575,1099.70006407491,227.424964001325
75.8024853546792,0.155106367843679,377.033986710561,1075.42687586415,204.81904448205
75.9134374965333,0.156220506555365,377.153200344488,1037.82534721214,169.835762373615
75.9915111652162,0.156879768427162,377.211759916766,1011.34016879558,145.219084127152
76.0578123873081,0.157358732187241,377.247678974313,988.832687903639,124.314265907204
76.1121829474046,0.157696063921165,377.269030387752,970.364994046089,107.171193133071
76.1589202903921,0.157946102955678,377.282388571921,954.48290394246,92.4348786517932
76.1863726332629,0.158075758171241,377.28832071948,945.151204017782,83.7791371839876
76.1994799837121,0.158133242537036,377.290711988569,940.879642818061,79.8173452033897
76.2017632833914,0.158142986022462,377.291103352783,940.388242337772,79.361180527586
76.2040465830707,0.158152671293823,377.291489646485,939.89683232893,78.9050158517823
76.20632988275,0.158162300620351,377.291870938407,939.405413120463,78.4488511759786
76.2291628795432,0.158255525947671,377.295415129811,934.490718980635,73.8872044179419
76.4574928474752,0.158880722389931,377.313627731049,885.296002271726,28.270736837574
76.5000952905795,0.158935563639029,377.31334556214,876.108073318099,19.7594889172339
76.5771774858048,0.158985392288255,377.31203267055,859.47732865724,4.35976941758117
76.6040210519562,0.158988673354985,377.311387426247,854.767628937859,0
76.6111552331867,0.158988706404079,377.3112140623,854.767633132891,0
76.6182894144172,0.158988702569169,377.3110419893,854.767632646113,0
76.6319101563068,0.158988699001238,377.310714087431,854.767632193224,0
76.768117575203,0.158988910808481,377.307423462757,854.767659078623,0
76.9071084955132,0.158988894884765,377.304081858332,854.767657057373,0
76.9528287367493,0.158988879446614,377.302983539868,854.767655097757,0
76.9961625604512,0.158988875248248,377.30194190916,854.767654564844,0
77.0115770032677,0.158987896304042,377.301572408725,852.634278569658,-1.97457596898047
77.0231344279758,0.158986102509345,377.301298040131,850.673736308157,-3.78907920208953
77.0346918526839,0.158983205244141,377.301028544958,848.713055993435,-5.6035824351986
77.0550940217987,0.158975334878235,377.300573440328,845.251551054664,-8.80670101533162
77.2591157129462,0.158703890304217,377.301919795855,810.613725299937,-40.8378868166618
77.325980287525,0.158538870738049,377.304767583188,799.33486657539,-51.2600888201894
77.3409920663389,0.158496748876234,377.305666430359,796.959141461499,-53.4546289180286
77.3560038451528,0.158452850557138,377.306682011802,794.583235875187,-55.6491690158679
77.3710156239667,0.158407185596927,377.307813504611,792.20715282805,-57.8437091137071
77.521133412106,0.157853422659464,377.326942888336,768.436973940851,-79.7891100920995
77.5883010624956,0.15754846576046,377.340288864574,757.796214908799,-89.6082064087033
77.6234596149495,0.157374742007059,377.34866533472,752.225167264041,-94.7479606042864
77.6394018059524,0.157292791354886,377.352804539917,749.728318668929,-97.0511735468572
77.6435966379204,0.157270937527962,377.35392611993,749.371846885472,-97.3789567073382
77.6477914698884,0.157249003857874,377.355056819765,749.015368478207,-97.7067398678192
77.6519863018565,0.1572269959051,377.356195926838,748.658884078911,-98.0345230283003
77.6939346215368,0.157002871006993,377.368051417071,745.093717527992,-101.312354633111
77.7945672821929,0.156435151463125,377.40010020633,736.538654937781,-109.175766519166
77.83200073853,0.156213143764868,377.41334089318,733.35551241322,-112.100807788855
77.8443844668122,0.156138518574258,377.417871043818,732.603529602273,-112.789605532659
77.8567681950944,0.156063562107489,377.422444427235,732.242983382632,-113.115908577058
77.8683113249006,0.155993473723763,377.426736070702,731.906893811338,-113.420062407944
77.8798544547069,0.155923196490003,377.43105234911,731.570790441136,-113.724216238829
77.9097874367198,0.155740085754251,377.442359247442,730.699163238198,-114.512930504534
78.0118805511217,0.155106031286314,377.482188148009,727.725598127279,-117.203016501451
78.0846772280781,0.15464493700629,377.511792450886,725.604681054875,-119.121160760737
78.1151137451605,0.154449933206853,377.524471251513,724.717762808307,-119.923142842271
78.1231555830496,0.15439812304914,377.527860659533,724.198214222601,-120.399192439678
78.1311974209387,0.154346055161615,377.531285829786,723.411943790941,-121.122274495693
78.1404324666357,0.154285889805657,377.535271069431,722.508985201304,-121.952643861767
78.1496675123328,0.154225314873126,377.539313751116,721.605998455746,-122.783013227841
78.1698128478016,0.154091747778924,377.548335252782,719.636124765734,-124.594381573096
78.3712662024903,0.152648489041969,377.655201838599,699.930390145625,-142.708065025646
78.4240045979281,0.152238349158817,377.688167440123,694.769658428731,-147.450039177587
78.4414602349605,0.152099438601838,377.699606629699,692.662489351526,-149.389121576761
78.4448853636752,0.152071929048959,377.701894841193,691.771990883495,-150.211589693345
78.4483104923899,0.152044275102311,377.704208133372,690.881484727242,-151.034057809929
78.4517356211046,0.152016470403346,377.706547646742,689.990970285392,-151.856525926513
78.4859869082517,0.151730110418034,377.731437797932,681.085380948178,-160.081207092354
78.5499353593043,0.151155047734066,377.785575000508,664.45630322844,-175.436998502409
78.6267485339861,0.150394709245971,377.864823002948,644.478910515823,-193.881965793142
78.6384211942318,0.150272519367672,377.878255538759,641.44286523965,-196.68489429232
78.641374621632,0.150241374914734,377.88170687143,641.244485480402,-196.865991199545
78.6443280490322,0.150210205657165,377.885164324715,641.184993174387,-196.918364914248
78.6472814764324,0.150179025233853,377.88862444428,641.125500318056,-196.970738628951
78.6513734086815,0.150135811942757,377.893421389955,641.043073388416,-197.043301676272
78.6922927311723,0.149702810417213,377.941585494293,640.218775820627,-197.768932149474
78.7821476807918,0.148746395884056,378.048610589354,638.408514249815,-199.362347818235
78.7989961805001,0.148566205956742,378.06887190316,638.069048589882,-199.661125610043
78.802948924908,0.14852396920697,378.073616787143,638.632163270435,-199.135364653203
78.8062354969811,0.148488924465841,378.077545103116,639.100892478198,-198.697733165113
78.8095220690542,0.148453956475611,378.081455858847,639.569624146995,-198.260101677023
78.8161688905445,0.148383473508144,378.089311034317,640.517603175431,-197.375028015119
78.8826371054474,0.147695985876945,378.164019994934,649.997987214309,-188.524291396087
78.9915377653356,0.14663778617293,378.271940647328,665.533122788106,-174.023359488753
79.0231585864523,0.146346383748762,378.29996678152,670.044639119174,-169.812812240123
79.0396979225579,0.146196697197056,378.314088527062,672.1810078277,-167.817749439802
79.0412200572598,0.14618299134331,378.315374660392,671.910732679769,-168.067117386865
79.0427421919616,0.146169268230114,378.316664185534,671.640456886555,-168.316485333928
79.0442643266634,0.146155524977441,378.317957622386,671.370180161564,-168.565853280991
79.0594856736817,0.146016969466558,378.331111051208,668.667360661734,-171.059532751622
79.2116991438647,0.144519465196704,378.486400257775,641.634467341799,-195.99632745793
79.2831293703791,0.143746603276388,378.574428473006,628.946057607833,-207.698582798889
79.3139029923611,0.143399826546344,378.61555776605,623.479225346117,-212.740156930355
79.322874710104,0.143297305385357,378.6278927605,622.42288437034,-213.711320760581
79.3318464278469,0.143194482422294,378.640302940481,622.073570774339,-214.026529215697
79.3403467639239,0.143096889093192,378.652103815161,621.742603844618,-214.325176351017
79.3488471000009,0.142999158578229,378.663938372029,621.411633422104,-214.623823486336
79.3730166861865,0.142720538484804,378.69776909856,620.470544937783,-215.472987285366
79.4457918903355,0.141874969802613,378.801275446077,617.63674545323,-218.029839866776
79.4933316386323,0.14131722800207,378.870226464125,615.785466354235,-219.700080844784
79.5187322607742,0.14101748050352,378.90750345456,614.796283485227,-220.592495329255
79.5238206983451,0.140957393956882,378.914980623191,615.303714791,-220.116434168294
79.5289091359161,0.140897425345005,378.922427930643,615.850335378399,-219.604003729393
79.533997573487,0.140837593724575,378.929840615046,616.396958840838,-219.091573290492
79.5450996024705,0.140707539808006,378.945890969475,617.589601322225,-217.973544916274
79.6561198923058,0.139443613103338,379.097471234684,629.516934395191,-206.793261174099
79.8414297011379,0.137482137256009,379.316117089613,649.429873348783,-188.131661154633
79.8717420910731,0.137178925965154,379.347835675992,652.687784374066,-185.07905589769
79.8810572613472,0.137086655737177,379.357391086531,653.372016760121,-184.435314612944
79.8868170438091,0.137029655324701,379.363289133636,653.103648803254,-184.679354690752
79.8914763633482,0.136983507203478,379.368068536475,652.886554678066,-184.876768518507
79.8961356828873,0.136937309619836,379.372858423506,652.669458617912,-185.074182346262
79.9049928872021,0.136849351544908,379.381993069536,652.256761078118,-185.449459163471
79.9935649303499,0.135959980726729,379.475438554372,648.129413003376,-189.202227335559
80.1746309002414,0.134086387837792,379.678630732474,639.689949257992,-196.873932590493
80.2352546189594,0.133442429576391,379.75034246831,636.863717486693,-199.442539500678
80.2505481452338,0.133278907369945,379.76867477661,636.690377577673,-199.589116687129
80.2658416715081,0.1331153041187,379.787025603645,636.692057227093,-199.573074618925
80.2811351977825,0.132951696643461,379.805377053334,636.693735641239,-199.55703255072
80.3008145815843,0.132741190962166,379.828985783022,636.695896157713,-199.53638995911
80.4976084196022,0.130637367084245,380.064742053041,636.717542987528,-199.329964043001
80.5286470148969,0.130306139016674,380.101783200922,637.143489452227,-198.904688950939
80.5596856101916,0.129976423398426,380.138478064857,638.506329026918,-197.608590703111
80.5822477548941,0.129737981949382,380.164871423071,639.497018158855,-196.666448961887
80.6048098995966,0.129500684620416,380.19100560939,640.487745699657,-195.724307220662
80.6401749826673,0.129131037635193,380.23145103545,642.040742557894,-194.247545087356
80.7260508196041,0.128245098844564,380.327073540742,645.812238902643,-190.661573469515
80.7816287956498,0.127680533568541,380.387018486783,648.253430514246,-188.340768784679
80.8181427554714,0.12731338540614,380.425582942077,649.857399395305,-186.816032278512
80.8376960583234,0.127118003600271,380.445969852968,650.716374612122,-185.999532648774
80.8418027209318,0.127077013619128,380.450241897172,650.376978461429,-186.311449349453
80.8459093835403,0.127035935910051,380.454532679074,649.795747077713,-186.848264281714
80.8500160461488,0.126994746044036,380.458847462136,649.214511789726,-187.385079213975
80.8541227087572,0.12695343796929,380.463187603941,648.633272038396,-187.921894146236
80.8951893348419,0.126533851908115,380.508010633823,642.820635317396,-193.290043468843
81.0203076587947,0.125182638819154,380.661281573602,625.108767278948,-209.645266919356
81.09916567447,0.124274652794781,380.771167309687,613.94396795858,-219.953433033548
81.1281721626909,0.123930186178006,380.814156130222,610.391459862292,-223.229219707016
81.1571786509118,0.123581586805357,380.858200201051,608.037887992243,-225.389432001808
81.1779070860798,0.123330269685442,380.890241944066,606.355939255546,-226.933149399122
81.1986355212477,0.123077243548707,380.922727235902,604.673958655818,-228.476866796436
81.2304403878474,0.122685690018003,380.973440124442,602.093137269784,-230.845483891331
81.2675601707702,0.122223604988927,381.033973430047,599.080948374453,-233.609920966207
81.2839994708241,0.122017535472047,381.06115913287,598.41958573498,-234.208197060188
81.2970301156036,0.121854247895962,381.08269277557,599.115377030122,-233.546985837493
81.3063860772618,0.121737228247102,381.098094605984,599.614951661664,-233.072238274938
81.3157420389201,0.121620449832496,381.113431740975,600.114530381623,-232.597490712383
81.3301491511092,0.121441096717131,381.136922838379,600.883832712561,-231.866433698145
81.4172486701388,0.120368820432465,381.275765577754,605.534926328445,-227.44676142187
81.448958941938,0.119983060360034,381.325092171247,606.686589357658,-226.341995198924
81.4806692137371,0.119598138921227,381.374197108396,606.655121271954,-226.338673732436
81.5031302840177,0.119325649499632,381.408936034681,606.632845951089,-226.336321065998
81.5255913542984,0.119053155758702,381.443674523003,606.610570033636,-226.33396839956
81.5595120108217,0.118641626396638,381.496136016687,606.576927703834,-226.330415408132
81.6412750041278,0.117650229064022,381.622429583383,606.718829987591,-226.114228611982
81.6479815599575,0.117569069340995,381.632746659961,607.369413566191,-225.501468987424
81.6546881157873,0.117488110736532,381.643011697572,608.019999715628,-224.888709362865
81.6613946716171,0.117407371001799,381.653220250472,608.6705901161,-224.275949738307
81.7284602299147,0.11661211430461,381.752228990894,615.176751464165,-218.148353492722
81.8714555986831,0.114990045259081,381.945319241807,629.050792247281,-205.083258576009
81.9136734398778,0.114530292079499,381.997684985188,633.147486278828,-201.225930138463
81.927200354076,0.114384569822589,382.01409341768,633.816370321701,-200.589817511096
81.9407272682743,0.114239182925125,382.030425474314,634.067110283152,-200.34330933533
81.9542541824725,0.11409400740321,382.046709063975,634.31785899138,-200.096801159564
81.9677810966707,0.113949011279197,382.062951270639,634.568613426157,-199.850292983798
82.1030502386529,0.112508845679345,382.223126024,637.07647055311,-197.385211226137
82.2510174478503,0.11095394767438,382.393678513748,639.820421606823,-194.688725813578
82.3325892102704,0.110105901834912,382.48563633203,641.333425659116,-193.202200058071
82.3594329762974,0.109828211306192,382.515587473915,641.787214672811,-192.754183229918
82.3656642768792,0.109763727569657,382.522544953478,641.267278354338,-193.233157380707
82.371895577461,0.109699103033468,382.529533491439,640.747338292437,-193.712131531496
82.3781268780428,0.109634320344809,382.536556982609,640.227392851227,-194.191105682285
82.440439883861,0.108977667511313,382.608773418737,635.027638345324,-198.980847190175
82.6180959986851,0.107017700799395,382.835167861562,620.200287153536,-212.63653360958
82.7369408272595,0.105633987597123,383.003983223363,610.279465726206,-221.771641135637
82.7738344816771,0.105193145032166,383.059172044816,607.695802104587,-224.144435848818
82.8107281360947,0.104748334505253,383.11537544341,605.850107998598,-225.828640603428
82.8476217905122,0.104300047581266,383.172473198557,604.004335846275,-227.512845358038
82.8845154449298,0.103848420783684,383.230435284275,602.158500799158,-229.197050112647
82.9751062509332,0.102725367745371,383.376457314373,597.625887027964,-233.332543562768
83.000424003847,0.10240804455091,383.418175070784,596.527195564399,-234.331403415269
83.0066370263043,0.102330088303208,383.42843486614,596.949762164265,-233.930455558909
83.0128500487615,0.10225224515635,383.438664373956,597.372329010938,-233.52950770255
83.0190630712188,0.102174533816666,383.448858610457,597.794897808519,-233.12855984619
83.0811932957912,0.10140479211279,383.54884961078,602.020709696238,-229.119081282594
83.1713343868977,0.100311751765255,383.687724915388,608.152122173193,-223.301964493178
83.2061707370703,0.0998963507578909,383.739575774695,610.032765464747,-221.507843394437
83.220430357567,0.0997269949646485,383.760625953877,610.031275920533,-221.490416881662
83.2346899780637,0.0995577027037895,383.781660222071,610.029793936672,-221.472990368888
83.2489495985604,0.0993884267243595,383.802690406437,610.028313890301,-221.455563856114
83.3915458035276,0.0976963374983166,384.012817367323,610.013593224215,-221.28129872837
83.4790809872787,0.0966582772230262,384.141637686757,610.002052702279,-221.176734161775
83.5012578013384,0.0963948939666535,384.174372949789,609.292614124861,-221.809876990822
83.5234346153981,0.0961308360067338,384.207278933607,608.583095257721,-222.44301981987
83.5456114294579,0.0958660330862262,384.240373903833,607.873487740271,-223.076162648917
83.62361064176,0.094928681460604,384.35830722068,605.37697671657,-225.30302182749
83.6766571464437,0.0942858768455762,384.439877079562,603.67849069442,-226.817487068351
83.6854969236995,0.0941785199427204,384.453531240582,604.07490073841,-226.435427763561
83.6943367009553,0.0940713789755427,384.46712964372,604.716362677064,-225.824585827288
83.7031764782112,0.0939645135849491,384.48065699759,605.357857409332,-225.213743891015
83.712016255467,0.0938579380577617,384.494109788025,605.999386635345,-224.602901954742
83.8004140280253,0.092808114623861,384.624612212437,612.416574784195,-218.494482592012
83.8632408926516,0.0920795797518801,384.712951804682,616.979551811362,-214.153051521113
83.8819860467725,0.091864875047621,384.738649590933,618.039372629974,-213.139633520722
83.88996052092,0.0917736975863601,384.74954255637,617.812406315938,-213.341422686124
83.8979349950676,0.0916824593427474,384.760450425301,617.585432768802,-213.543211851527
83.9059094692151,0.091591136663041,384.771378896196,617.358449173771,-213.745001016929
83.9856542106907,0.0906731329054958,384.881833731842,615.088044765164,-215.762892670952
84.1044148575556,0.0892900040315536,385.050275590727,611.704920551407,-218.76805782292
84.1290123149548,0.0890015261285347,385.085658668123,611.523563399223,-218.90533913172
84.1536097723541,0.088713361563823,385.120963458357,612.099136939288,-218.335903909251
84.1735284171045,0.0884804728995793,385.14943734831,612.565282636348,-217.874783976379
84.1934470618549,0.0882480783280729,385.177788190645,613.031487130445,-217.413664043507
84.231332471549,0.0878074325386779,385.231371511826,613.91837460589,-216.53661051934
84.3016670737397,0.0869955164111622,385.329334149138,616.23554535043,-214.282839498131
84.359103297788,0.0863405791522272,385.407356831344,619.279197705685,-211.368189741765
84.3924410437167,0.0859643191508954,385.451702487783,621.046289272068,-209.676437634817
84.4257787896453,0.0855911049528488,385.495318400382,622.813743289042,-207.984685527868
84.4726095016725,0.0850719660434662,385.555371389128,625.297158789603,-205.608221446844
84.8406278788112,0.0812047876798288,385.979903796448,645.281100852389,-186.519392046228
84.8707574534426,0.0809052593622022,386.010804292717,647.440776800562,-184.469606968759
84.900887028074,0.0806089768966535,386.041029520884,649.600839005131,-182.419821891289
84.9227618012692,0.0803957582645193,386.062581358501,650.893428869008,-181.189230965891
84.9323250390456,0.0803028479666492,386.071940139111,650.87780738923,-181.193493481607
84.9418882768221,0.0802099624861816,386.081293759124,650.862188862722,-181.197755997323
84.9514515145985,0.0801170768895707,386.090647381211,650.846570322394,-181.202018513039
85,0.0796454898323921,386.138140953003,650.767276118253,-181.223657490011
